property_code,address_1,city,state,zipcode,beds,baths,sqft,market_rent,lat,lng,districtMatch,estimatedPrice
10000470,10265 Quail St,Westminster,CO,80021,3,2.0,1437,2582.0,39.8823,-105.1249,Jefferson County R-1 School District,481565.0
10000616,10433 Holland Pl,Westminster,CO,80021,3,1.5,1144,2199.0,39.8825,-105.10441,Jefferson County R-1 School District,452333.33
10000695,10545 Hoyt St,Westminster,CO,80021,3,2.0,1296,2351.0,39.8882,-105.10326,Jefferson County R-1 School District,490234.95
10000753,10627 Kittredge St,Commerce City,CO,80022,3,2.5,1993,2939.0,39.88982,-104.80151,Brighton 27J School District,503300.0
10000801,10705 Clermont St,Thornton,CO,80233,3,2.0,1544,2529.0,39.89058,-104.93351,Adams 12 Five Star Schools,418283.33
10000898,10874 Fairfax Way,Thornton,CO,80233,4,2.0,1904,2599.0,39.89348,-104.92838,Adams 12 Five Star Schools,431633.33
10000946,10944 Bellaire Way,Thornton,CO,80233,4,2.0,1800,2485.0,39.89548,-104.93625,Adams 12 Five Star Schools,428333.33
10001172,11111 Dahlia Way,Thornton,CO,80233,3,2.0,1320,2300.0,39.89845,-104.92869,Adams 12 Five Star Schools,429149.45
10001199,11120 Sylvan Pl,Parker,CO,80138,3,2.0,1387,2549.0,39.51228,-104.74424,Douglas County RE 1 School District,516900.0
10001489,11333 E Warren Ave,Aurora,CO,80014,4,4.0,2944,2949.0,39.67681,-104.85519,Cherry Creek 5 School District,499005.0
10001499,11348 Lamar St,Westminster,CO,80020,3,3.0,1820,2640.0,39.902,-105.066,Jefferson County R-1 School District,406666.67
10001523,11375 Nome St,Henderson,CO,80640,4,2.0,2087,2595.0,39.90208,-104.85186,Brighton 27J School District,495000.0
10001815,11765 Pennsylvania St,Northglenn,CO,80233,3,2.5,1712,2444.0,39.91001,-104.97954,Adams 12 Five Star Schools,348065.0
10001870,11845 E Kepner Dr,Aurora,CO,80012,2,3.0,1064,2095.0,39.69852,-104.85037,Cherry Creek 5 School District,347966.67
10002292,12156 E Louisiana Dr,Aurora,CO,80012,4,2.5,2625,2645.0,39.69204,-104.84547,Adams-Arapahoe 28J School District,455000.0
10002577,1257 Bluejay Ave,Brighton,CO,80601,3,2.0,1110,2179.0,39.9706,-104.83725,Brighton 27J School District,381845.0
10002730,12823 Cherry Way,Thornton,CO,80241,4,3.0,2484,2775.0,39.92966,-104.93441,Adams 12 Five Star Schools,443000.0
10003665,1307 S Biscay St,Aurora,CO,80017,3,2.0,1100,2129.0,39.69217,-104.76876,Adams-Arapahoe 28J School District,339359.65
10003845,1320 Bluebird St,Brighton,CO,80601,3,2.0,1470,2246.0,39.96678,-104.83774,Brighton 27J School District,386333.33
10003945,13358 Birch Cir,Denver,CO,80241,3,2.5,1890,2600.0,39.93781,-104.93588,Adams 12 Five Star Schools,451935.0
10003950,13368 Birch Cir,Thornton,CO,80241,3,2.0,1270,2250.0,39.93781,-104.93588,Adams 12 Five Star Schools,451935.0
10004110,1361 Mallard Ln,Brighton,CO,80601,3,2.0,1470,2275.0,39.97163,-104.8379,Brighton 27J School District,325000.0
10005989,1441 S Cathay St,Aurora,CO,80017,3,2.0,1192,2197.0,39.68851,-104.76623,Adams-Arapahoe 28J School District,351990.0
10006119,14705 E Harvard Ave,Aurora,CO,80014,3,2.0,1327,2358.0,39.67106,-104.81664,Adams-Arapahoe 28J School District,415333.33
10006247,1492 Hummingbird Cir,Brighton,CO,80601,3,2.0,1488,2214.0,39.96676,-104.8392,Brighton 27J School District,393685.0
10006550,15381 E Arkansas Pl,Aurora,CO,80017,3,2.0,1296,2200.0,39.69101,-104.80859,Adams-Arapahoe 28J School District,316666.67
10006818,1597 S Uvalda St,Aurora,CO,80012,4,2.0,1976,2604.0,39.68714,-104.83808,Adams-Arapahoe 28J School District,393300.0
10007774,17486 E Temple Dr,Aurora,CO,80015,3,2.0,1200,2256.0,39.63158,-104.78496,Cherry Creek 5 School District,380232.5
10007794,1751 E 96th Pl,Thornton,CO,80229,3,3.0,1510,2485.0,39.87218,-104.96618,Mapleton 1 School District,405445.0
10007912,17739 Biscuit Root Dr,Parker,CO,80134,4,3.0,1670,2178.0,39.55575,-104.78287,Douglas County RE 1 School District,405000.0
10007924,17766 E Arizona Ave,Aurora,CO,80017,3,2.0,888,2350.0,39.6935,-104.77965,Adams-Arapahoe 28J School District,347684.5
10008216,18290 E Hampden Pl,Aurora,CO,80013,5,4.0,2900,3095.0,39.65272,-104.77647,Cherry Creek 5 School District,426600.0
10008339,18524 E Layton Pl,Aurora,CO,80015,5,2.0,1736,2845.0,39.62718,-104.77315,Cherry Creek 5 School District,377333.33
10008406,18753 E Utah Cir,Aurora,CO,80017,4,2.5,1622,2550.0,39.68331,-104.76979,Adams-Arapahoe 28J School District,381666.67
10008641,19176 E Oberlin Dr,Aurora,CO,80013,3,2.0,1800,2350.0,39.64047,-104.76544,Cherry Creek 5 School District,405270.0
10008641,19176 E Oberlin Dr,Aurora,CO,80013,3,2.0,1800,2545.0,39.64047,-104.76544,Cherry Creek 5 School District,392966.67
10008753,19393 E Purdue Cir,Aurora,CO,80013,3,1.0,1230,2125.0,39.63917,-104.76173,Cherry Creek 5 School District,405633.33
10008810,19554 E Amherst Dr,Aurora,CO,80013,3,2.0,1408,2345.0,39.66632,-104.76032,Cherry Creek 5 School District,387482.45
10008896,19751 E Bellewood Dr,Centennial,CO,80015,4,2.5,2307,2900.0,39.62529,-104.75812,Cherry Creek 5 School District,429130.0
10008936,19867 E Brunswick Dr,Aurora,CO,80013,4,2.0,2281,2775.0,39.66537,-104.7571,Cherry Creek 5 School District,375000.0
10008936,19867 E Brunswick Dr,Aurora,CO,80013,4,2.0,2281,2525.0,39.66537,-104.7571,Cherry Creek 5 School District,406837.5
10010266,2094 S Pagosa St,Aurora,CO,80013,5,3.0,2032,2575.0,39.67825,-104.78999,Adams-Arapahoe 28J School District,449666.33
10012896,2774 S Cathay Way,Aurora,CO,80013,4,4.0,2000,2645.0,39.6668,-104.7664,Cherry Creek 5 School District,455000.0
10013434,2853 S Biscay Ct,Aurora,CO,80013,3,3.0,2175,2729.0,39.66289,-104.76883,Cherry Creek 5 School District,443333.33
10013434,2853 S Biscay Ct,Aurora,CO,80013,3,3.0,2175,2650.0,39.66289,-104.76883,Cherry Creek 5 School District,438082.45
10013527,2861 S Genoa St,Aurora,CO,80013,3,2.0,1920,2520.0,39.66526,-104.75811,Cherry Creek 5 School District,393000.0
10013568,2881 S Olathe Ct,Aurora,CO,80013,4,3.0,1965,2540.0,39.66349,-104.79249,Adams-Arapahoe 28J School District,411633.33
10013730,2924 S Argonne St,Aurora,CO,80013,3,2.0,1470,2525.0,39.66288,-104.76991,Cherry Creek 5 School District,408000.0
10013730,2924 S Argonne St,Aurora,CO,80013,3,2.0,1470,2610.0,39.66288,-104.76991,Cherry Creek 5 School District,447637.45
10013807,2956 S Jasper St,Aurora,CO,80013,4,2.0,2016,2585.0,39.66266,-104.8055,Adams-Arapahoe 28J School District,421633.33
10031869,3155 S Idalia St,Aurora,CO,80013,4,2.0,1632,2550.0,39.65931,-104.80765,Adams-Arapahoe 28J School District,399402.3
10032464,3336 S Dunkirk Way,Aurora,CO,80013,4,2.0,2328,2550.0,39.6553,-104.7621,Cherry Creek 5 School District,478333.33
10032994,3582 S Olathe St,Aurora,CO,80013,3,2.0,2300,2700.0,39.65202,-104.79438,Cherry Creek 5 School District,385000.0
10033194,3680 S Danube Cir,Aurora,CO,80013,3,3.0,1288,2375.0,39.64944,-104.76285,Cherry Creek 5 School District,303333.33
10033356,3757 S Danube Cir,Aurora,CO,80013,3,3.0,1281,2298.0,39.64854,-104.7631,Cherry Creek 5 School District,366133.7
10033440,3806 S Ouray Way,Aurora,CO,80013,3,2.0,1824,2515.0,39.64712,-104.79167,Cherry Creek 5 School District,432666.33
10033472,2676 E 117th Way,Thornton,CO,80233,4,2.0,2142,2782.0,39.90905,-104.95226,Adams 12 Five Star Schools,468333.33
10033485,5225 E 123rd Ave,Thornton,CO,80241,5,2.0,1792,2685.0,39.91904,-104.92548,Adams 12 Five Star Schools,441633.33
10033487,5305 E 108th Pl,Thornton,CO,80233,4,2.0,1704,2418.0,39.893,-104.92445,Adams 12 Five Star Schools,406333.33
10033650,3884 S Truckee Ct,Aurora,CO,80013,3,2.0,1732,2495.0,39.64293,-104.78044,Cherry Creek 5 School District,404966.67
10042133,4108 S Laredo Way,Aurora,CO,80013,5,3.0,2240,2595.0,39.64186,-104.8008,Cherry Creek 5 School District,393333.33
10042133,4108 S Laredo Way,Aurora,CO,80013,5,3.0,2240,2605.0,39.64186,-104.8008,Cherry Creek 5 School District,406182.5
10042415,4157 S Olathe Way,Aurora,CO,80013,3,2.0,1742,2600.0,39.64136,-104.79427,Cherry Creek 5 School District,406666.67
10042796,4323 Nepal St,Denver,CO,80249,4,2.0,1740,2335.0,39.77612,-104.74077,Denver County 1 School District,363333.33
10042826,4331 S Fundy St,Centennial,CO,80015,4,2.0,1816,2650.0,39.63676,-104.75775,Cherry Creek 5 School District,443298.33
10043355,453 S Nome Way,Aurora,CO,80012,4,2.0,1628,2425.0,39.70764,-104.85356,Cherry Creek 5 School District,384833.33
10043377,4554 S Richfield St,Aurora,CO,80015,3,2.0,1554,2245.0,39.633,-104.78606,Cherry Creek 5 School District,342657.5
10043560,4653 S Buckley Way,Aurora,CO,80015,3,2.0,1170,2176.0,39.63168,-104.79043,Cherry Creek 5 School District,350000.0
10043581,4672 S Kittredge Way,Aurora,CO,80015,3,2.0,1976,2549.0,39.63089,-104.80109,Cherry Creek 5 School District,384800.0
10043692,4752 S Yampa St,Aurora,CO,80015,3,2.0,1689,2544.0,39.62884,-104.77537,Cherry Creek 5 School District,376467.5
10043776,4810 Flanders Way,Denver,CO,80249,4,2.5,1858,2350.0,39.78436,-104.76084,Denver County 1 School District,462966.67
10043791,4814 S Pagosa Way,Aurora,CO,80015,3,2.0,1238,2505.0,39.62868,-104.78937,Cherry Creek 5 School District,414666.67
10047733,5003 S Richfield Cir,Aurora,CO,80015,3,2.0,1238,2350.0,39.62658,-104.7871,Cherry Creek 5 School District,394000.0
10048271,5072 S Himalaya Ct,Aurora,CO,80015,3,3.0,1500,2625.0,39.62423,-104.75255,Cherry Creek 5 School District,474605.0
10048271,5072 S Himalaya Ct,Aurora,CO,80015,3,3.0,1500,2540.0,39.62423,-104.75255,Cherry Creek 5 School District,402600.0
10049641,527 Leona Dr,Denver,CO,80221,3,3.0,1188,2425.0,39.84392,-104.99356,Adams 12 Five Star Schools,471616.67
10049802,5374 S Telluride Way,Centennial,CO,80015,4,2.5,2145,2628.0,39.61956,-104.78224,Cherry Creek 5 School District,463300.0
10049841,5406 Iris St,Arvada,CO,80002,4,2.0,1373,2525.0,39.79535,-105.10547,Jefferson County R-1 School District,498000.0
10050170,5631 W 71st Cir,Arvada,CO,80003,4,2.5,1502,2913.0,39.826,-105.06,Jefferson County R-1 School District,482666.67
10050266,5710 S Quatar Cir,Centennial,CO,80015,3,2.0,1361,2207.0,39.61232,-104.73445,Cherry Creek 5 School District,455800.0
10050357,5798 W 110th Ave,Westminster,CO,80020,4,2.0,1975,2650.0,39.897,-105.061,Jefferson County R-1 School District,508333.33
10057034,6243 Westview Cir,Parker,CO,80134,5,3.0,2364,2737.0,39.4395,-104.77038,Douglas County RE 1 School District,516300.0
10057300,6324 W 92nd Pl,Westminster,CO,80031,4,2.0,1920,2760.0,39.864,-105.067,Jefferson County R-1 School District,404833.33
10062646,2954 S Idalia St,Aurora,CO,80013,4,2.0,1296,2490.0,39.66278,-104.80593,Adams-Arapahoe 28J School District,423266.67
10062651,4139 Orleans St,Denver,CO,80249,2,2.5,1400,2249.0,39.77396,-104.73851,Denver County 1 School District,364716.75
10062657,4926 Fraser Way,Denver,CO,80239,4,3.0,2587,2831.0,39.78129,-104.81126,Denver County 1 School District,431933.33
10062668,4989 S Waco St,Aurora,CO,80015,4,2.0,1548,2400.0,39.62646,-104.77713,Cherry Creek 5 School District,414370.0
10062670,16901 E Eastman Pl,Aurora,CO,80013,3,1.5,1662,2285.0,39.65799,-104.79023,Adams-Arapahoe 28J School District,399657.33
10062676,5008 S Quintero Cir,Aurora,CO,80015,4,2.0,1676,2448.0,39.6264,-104.78731,Cherry Creek 5 School District,304000.0
10062677,11620 Oakland Dr,Henderson,CO,80640,3,1.5,1420,2300.0,39.90825,-104.84968,Brighton 27J School District,376666.67
10062679,9729 Detroit St,Thornton,CO,80229,4,2.0,2022,2550.0,39.87234,-104.95237,Mapleton 1 School District,351600.0
10062701,10104 Hudson Ct,Thornton,CO,80229,3,2.0,1415,2321.0,39.88089,-104.92287,Adams County 14 School District,366995.0
10062703,12774 E 31st Ave,Aurora,CO,80011,3,2.0,2180,2580.0,39.75939,-104.84033,Adams-Arapahoe 28J School District,398333.0
10062703,12774 E 31st Ave,Aurora,CO,80011,3,2.0,2180,2500.0,39.75939,-104.84033,Adams-Arapahoe 28J School District,400437.4
10062714,4338 Deephaven Ct,Denver,CO,80239,4,2.5,2247,2725.0,39.77565,-104.82321,Denver County 1 School District,410999.67
10062738,8610 Ogden St,Denver,CO,80229,3,3.0,2528,2745.0,39.85345,-104.97501,Adams 12 Five Star Schools,330000.0
10062783,5174 Sable St,Denver,CO,80239,4,2.0,1395,2342.0,39.78804,-104.82032,Denver County 1 School District,359666.67
10062799,18868 E 52nd Ave,Denver,CO,80249,2,2.5,1524,2451.0,39.79129,-104.76729,Denver County 1 School District,417966.67
10062812,10017 Beach St,Denver,CO,80260,3,2.0,1320,2330.0,39.87954,-105.01733,Adams 12 Five Star Schools,408633.33
10062813,9836 Milwaukee St,Thornton,CO,80229,4,2.0,1840,2574.0,39.87505,-104.95075,Mapleton 1 School District,404390.0
10062824,2361 Stacy Dr,Denver,CO,80221,3,2.0,1650,2350.0,39.84679,-105.01484,Westminster 50 School District,255780.0
10062824,2361 Stacy Dr,Denver,CO,80221,3,2.0,1650,2310.0,39.84679,-105.01484,Westminster 50 School District,266633.33
10062827,4258 S Pitkin St,Aurora,CO,80013,3,2.0,1650,1950.0,39.63963,-104.78793,Cherry Creek 5 School District,383324.33
10062828,19336 E Amherst Dr,Aurora,CO,80013,3,3.0,1968,2585.0,39.66596,-104.76226,Cherry Creek 5 School District,402999.67
10062838,4981 N Silverlace Dr,Castle Rock,CO,80109,3,3.0,2108,2610.0,39.4109,-104.89674,Douglas County RE 1 School District,456633.33
10062848,3166 S Olathe Way,Aurora,CO,80013,3,2.0,2048,2442.0,39.65927,-104.79247,Adams-Arapahoe 28J School District,420800.0
10062853,9809 Castle Ridge Cir,Highlands Ranch,CO,80129,4,3.0,1838,2765.0,39.53929,-105.01939,Douglas County RE 1 School District,496666.67
10062859,4672 Biscay St,Denver,CO,80249,4,2.5,2028,2600.0,39.78063,-104.76357,Denver County 1 School District,383633.33
10062886,2416 S Memphis Way,Aurora,CO,80013,4,2.0,1764,2415.0,39.67214,-104.79639,Adams-Arapahoe 28J School District,415600.0
10062907,11644 Community Center Dr Unit # 126,Denver,CO,80233,4,3.0,2130,2420.0,39.90763,-104.98418,Adams 12 Five Star Schools,323333.33
10062911,7178 Urban St,Arvada,CO,80004,3,2.0,1824,2585.0,39.826,-105.135,Jefferson County R-1 School District,521565.0
10062911,7178 Urban St,Arvada,CO,80004,3,2.0,1824,2645.0,39.826,-105.135,Jefferson County R-1 School District,521565.0
10062918,1360 S Tejon St,Denver,CO,80223,3,2.0,1887,2880.0,39.692,-105.01143,Denver County 1 School District,439666.67
10062934,8945 Field St #64,Westminster,CO,80021,2,2.0,1340,2095.0,39.85907,-105.09907,Jefferson County R-1 School District,301333.33
10062936,4326 Wyandot St,Denver,CO,80211,3,2.0,1752,2850.0,39.776,-105.01437,Denver County 1 School District,684333.33
10062941,4751 Carson St,Denver,CO,80239,2,1.0,1513,2085.0,39.78123,-104.83142,Denver County 1 School District,411666.67
10062992,9174 Lander St,Westminster,CO,80031,3,2.0,1850,2595.0,39.86244,-105.03037,Westminster 50 School District,408000.0
10062993,1360 S Kendall St,Lakewood,CO,80232,3,2.0,1820,2568.0,39.693,-105.065,Jefferson County R-1 School District,466600.0
10063013,5188 Duluth Ct,Denver,CO,80239,4,2.0,1576,2305.0,39.78765,-104.8184,Denver County 1 School District,365966.67
10063014,5564 Worchester St,Denver,CO,80239,3,2.0,1680,2375.0,39.79604,-104.83049,Denver County 1 School District,404000.0
10063041,3787 S Quintero Cir,Aurora,CO,80013,4,2.0,1738,2530.0,39.64839,-104.78744,Cherry Creek 5 School District,481666.67
10063063,18274 E Bellewood Dr,Aurora,CO,80015,3,3.0,2128,2913.0,39.62435,-104.77523,Cherry Creek 5 School District,428359.75
10063072,7279 Dome Rock Rd,Littleton,CO,80125,3,2.0,1897,2866.0,39.46731,-105.07512,Douglas County RE 1 School District,579966.67
10063080,18551 E Tanforan Pl,Aurora,CO,80015,2,2.0,1695,2590.0,39.62965,-104.7736,Cherry Creek 5 School District,424966.67
10063099,11948 Lavinia Way,Northglenn,CO,80233,2,2.0,1776,2395.0,39.91279,-104.96453,Adams 12 Five Star Schools,424380.0
10063101,3922 Licorice Ct,Castle Rock,CO,80109,3,3.0,2151,2788.0,39.41599,-104.90481,Douglas County RE 1 School District,449999.67
10063101,3922 Licorice Ct,Castle Rock,CO,80109,3,3.0,2151,2895.0,39.41599,-104.90481,Douglas County RE 1 School District,504974.95
10063129,13420 W 73rd Ave,Arvada,CO,80005,3,3.0,2267,3220.0,39.8295,-105.14905,Jefferson County R-1 School District,571633.33
10063139,5361 S Hickory St,Littleton,CO,80120,4,2.0,2250,2700.0,39.61946,-105.00021,Littleton 6 School District,468333.33
10063142,19106 E Carmel Cir,Aurora,CO,80011,3,3.0,2148,2375.0,39.74906,-104.76429,Adams-Arapahoe 28J School District,399670.0
10063142,19106 E Carmel Cir,Aurora,CO,80011,3,3.0,2148,2550.0,39.74906,-104.76429,Adams-Arapahoe 28J School District,390000.0
10063145,9954 Columbine St,Thornton,CO,80229,5,2.0,2022,2510.0,39.87702,-104.95707,Mapleton 1 School District,455000.0
10063162,17898 E Arizona Ave,Aurora,CO,80017,2,2.0,2012,2475.0,39.69421,-104.77842,Adams-Arapahoe 28J School District,295827.5
10063162,17898 E Arizona Ave,Aurora,CO,80017,2,2.0,2012,2492.0,39.69421,-104.77842,Adams-Arapahoe 28J School District,247333.33
10063166,21480 E 44th Ave,Denver,CO,80249,3,3.0,1876,2704.0,39.77735,-104.73886,Denver County 1 School District,414933.33
10063180,8141 Stuart St,Westminster,CO,80031,3,2.0,1802,2497.0,39.84399,-105.04689,Westminster 50 School District,423333.33
10063181,8011 Stuart Pl,Westminster,CO,80031,3,2.0,1920,2550.0,39.84268,-105.04667,Westminster 50 School District,396666.67
10063182,2280 Mable Ave,Denver,CO,80229,3,1.0,2450,2195.0,39.84991,-104.9599,Mapleton 1 School District,385000.0
10063231,981 S Wheeling St,Aurora,CO,80012,3,1.0,1416,2068.0,39.69783,-104.83438,Adams-Arapahoe 28J School District,380575.0
10063263,301 S Leyden St,Denver,CO,80224,3,1.5,1881,2645.0,39.71014,-104.91557,Denver County 1 School District,616895.0
10063274,19743 E 49th Ave,Denver,CO,80249,2,2.5,1524,2395.0,39.78557,-104.75974,Denver County 1 School District,477966.67
10063278,6362 Freeport Dr,Highlands Ranch,CO,80130,3,2.0,1882,2595.0,39.55345,-104.9152,Douglas County RE 1 School District,494333.33
10063279,16823 Blue Mist Cir,Parker,CO,80134,3,2.0,2176,2575.0,39.56166,-104.79365,Douglas County RE 1 School District,402000.0
10063283,11798 W Marlowe Ave,Morrison,CO,80465,4,2.5,2404,2900.0,39.632,-105.129,Jefferson County R-1 School District,429937.5
10063283,11798 W Marlowe Ave,Morrison,CO,80465,4,2.5,2404,2933.0,39.632,-105.129,Jefferson County R-1 School District,405000.0
10063301,7407 Shoreham Dr,Castle Pines,CO,80108,4,2.5,3528,3431.0,39.47021,-104.89244,Douglas County RE 1 School District,633333.33
10063301,7407 Shoreham Dr,Castle Pines,CO,80108,4,2.5,3528,3595.0,39.47021,-104.89244,Douglas County RE 1 School District,633129.35
10063321,1840 S Welch Cir,Lakewood,CO,80228,4,3.0,1955,3175.0,39.684,-105.145,Jefferson County R-1 School District,573790.65
10063354,9735 Garwood St,Littleton,CO,80125,3,3.0,1327,2100.0,39.47512,-105.06784,Douglas County RE 1 School District,418333.33
10063380,3804 S Rome Way,Aurora,CO,80018,4,3.0,2349,2785.0,39.64753,-104.73028,Cherry Creek 5 School District,463333.33
10063388,206 N Coolidge Way,Aurora,CO,80018,4,2.5,3114,3029.0,39.72117,-104.70905,Adams-Arapahoe 28J School District,529966.67
10063391,14679 E Radcliff Pl,Aurora,CO,80015,5,2.0,2100,2650.0,39.6373,-104.81717,Cherry Creek 5 School District,493666.67
10063438,12858 Capital Creek St,Parker,CO,80134,3,2.5,2085,2814.0,39.48156,-104.77473,Douglas County RE 1 School District,502333.33
10063789,7375 Braun Way,Arvada,CO,80005,3,3.0,1967,2845.0,39.83056,-105.15157,Jefferson County R-1 School District,564633.33
10063940,13157 E Dakota Ave,Aurora,CO,80012,3,2.0,1679,2305.0,39.70836,-104.83612,Adams-Arapahoe 28J School District,433300.0
10063957,16166 E Exposition Dr,Aurora,CO,80017,3,2.0,1920,2625.0,39.70348,-104.79943,Adams-Arapahoe 28J School District,408300.0
10063961,10530 E 10th Ave,Aurora,CO,80010,3,3.0,2240,2590.0,39.73082,-104.86475,Adams-Arapahoe 28J School District,381666.67
10063963,3591 Morning Glory Dr,Castle Rock,CO,80109,3,2.5,2172,2768.0,39.41661,-104.89987,Douglas County RE 1 School District,473333.33
10063967,17154 E Wagontrail Pkwy,Aurora,CO,80015,3,2.0,1144,2475.0,39.62949,-104.78752,Cherry Creek 5 School District,388133.65
10063970,4702 Orleans St,Denver,CO,80249,3,2.5,1709,2490.0,39.7814,-104.73679,Denver County 1 School District,358300.0
10063975,3625 Fairfax St,Denver,CO,80207,3,1.5,1355,2365.0,39.76798,-104.92849,Denver County 1 School District,550100.0
10063986,10744 Moore Cir,Westminster,CO,80021,3,1.5,1632,2475.0,39.89202,-105.11254,Jefferson County R-1 School District,423000.0
10064012,1670 S Allison St,Lakewood,CO,80232,3,2.0,1860,2899.0,39.68662,-105.08608,Jefferson County R-1 School District,423570.0
10064013,8497 Wild Alfalfa Pl,Parker,CO,80134,4,2.0,1668,2300.0,39.56277,-104.79805,Douglas County RE 1 School District,428333.33
10064036,176 Monares Ln,Erie,CO,80516,5,4.0,2645,2899.0,40.04116,-105.0387,St. Vrain Valley RE 1J School District,454666.67
10064043,3690 Magnolia St,Denver,CO,80207,3,1.0,1544,2165.0,39.76843,-104.91145,Denver County 1 School District,489966.67
10064060,574 S Joplin St,Aurora,CO,80017,3,2.0,1596,2295.0,39.70518,-104.80328,Adams-Arapahoe 28J School District,373175.0
10064060,574 S Joplin St,Aurora,CO,80017,3,2.0,1596,2490.0,39.70518,-104.80328,Adams-Arapahoe 28J School District,411633.33
10064086,2655 Atchison St,Aurora,CO,80011,3,1.5,1285,2085.0,39.75506,-104.82432,Adams-Arapahoe 28J School District,353966.67
10064107,4642 Malaya St,Denver,CO,80249,3,2.0,1610,2285.0,39.78064,-104.74189,Denver County 1 School District,381666.67
10064108,14531 E Gunnison Pl,Aurora,CO,80012,3,2.5,1868,2545.0,39.68879,-104.81826,Adams-Arapahoe 28J School District,379966.67
10064112,18895 E Utah Cir,Aurora,CO,80017,3,2.0,1602,2445.0,39.68272,-104.76847,Adams-Arapahoe 28J School District,367333.33
10064128,15682 E Colorado Ave,Aurora,CO,80017,3,1.5,1168,1995.0,39.6844,-104.80583,Adams-Arapahoe 28J School District,341666.67
10064134,1205 Bluebird St,Brighton,CO,80601,3,2.0,1470,2325.0,39.9696,-104.83738,Brighton 27J School District,401666.67
10064145,4685 S Buckley Way,Aurora,CO,80015,4,2.0,1692,2548.0,39.63168,-104.79043,Cherry Creek 5 School District,354340.0
10064165,21103 E 45th Ave,Denver,CO,80249,3,2.0,1677,2296.0,39.77863,-104.74134,Denver County 1 School District,385000.0
10064179,5842 S Orleans Way,Centennial,CO,80015,3,2.0,1431,2500.0,39.61056,-104.73639,Cherry Creek 5 School District,451666.67
10064180,240 Bonanza Dr,Erie,CO,80516,4,2.5,1997,2915.0,40.00396,-105.03676,St. Vrain Valley RE 1J School District,676633.33
10064195,4509 Andes St,Denver,CO,80249,3,2.5,1650,2460.0,39.77975,-104.77171,Denver County 1 School District,359633.33
10064210,17306 E Mansfield Ave,Aurora,CO,80013,4,2.0,1569,2675.0,39.64554,-104.78758,Cherry Creek 5 School District,298333.33
10064214,5252 E 111th Pl,Thornton,CO,80233,3,2.0,2230,2850.0,39.89775,-104.92555,Adams 12 Five Star Schools,432966.67
10064246,8485 Prairie Clover Way,Parker,CO,80134,3,2.0,1576,2330.0,39.56301,-104.79547,Douglas County RE 1 School District,391333.33
10064269,13115 Mercury Dr,Littleton,CO,80124,3,2.0,1769,2599.0,39.55175,-104.89382,Douglas County RE 1 School District,474000.0
10064290,2668 Calkins Pl,Broomfield,CO,80020,3,3.5,1974,2585.0,39.92654,-105.01928,Adams 12 Five Star Schools,481459.5
10064296,5677 S Oak St,Littleton,CO,80127,4,2.0,1808,2700.0,39.613,-105.12,Jefferson County R-1 School District,503333.33
10064325,12386 Roslyn Way,Thornton,CO,80602,3,2.5,4198,3385.0,39.92025,-104.89972,Brighton 27J School District,669933.33
10064326,4558 Biscay St,Denver,CO,80249,3,2.0,1799,2385.0,39.7791,-104.76667,Denver County 1 School District,412966.67
10064327,9200 Newton St,Westminster,CO,80031,3,2.0,2262,2745.0,39.86451,-105.03621,Westminster 50 School District,440114.75
10064377,11027 Chesmore St,Highlands Ranch,CO,80130,3,2.5,2626,2925.0,39.51553,-104.94105,Douglas County RE 1 School District,665966.67
10064398,22226 E Oberlin Pl,Aurora,CO,80018,3,2.5,2998,2800.0,39.64165,-104.72837,Cherry Creek 5 School District,456300.0
10064416,8277 Quay Ct,Arvada,CO,80003,4,2.5,2032,2645.0,39.846,-105.073,Jefferson County R-1 School District,473730.0
10064529,9499 Sherrelwood Ln,Highlands Ranch,CO,80126,4,3.0,2049,2650.0,39.54443,-104.97537,Douglas County RE 1 School District,551633.33
10064536,12586 Country Meadows Dr,Parker,CO,80134,3,3.0,1548,2345.0,39.49641,-104.76361,Douglas County RE 1 School District,499966.67
10064580,3280 Queen Ct,Broomfield,CO,80020,3,3.0,1739,2525.0,39.92959,-105.02897,Adams 12 Five Star Schools,438333.33
10064593,6424 W 115th Ave,Westminster,CO,80020,3,2.0,1344,2199.0,39.90394,-105.06804,Jefferson County R-1 School District,448300.0
10064607,13474 Raritan Way,Westminster,CO,80234,3,2.0,1725,2751.0,39.93982,-105.00973,Adams 12 Five Star Schools,505000.0
10064613,11303 Haswell Ct,Parker,CO,80134,4,2.5,1687,2595.0,39.51924,-104.78172,Douglas County RE 1 School District,574633.33
10064617,10820 Utica Ct,Westminster,CO,80031,3,2.0,1509,2550.0,39.89445,-105.04502,Adams 12 Five Star Schools,480000.0
10064633,10414 Strasburg Way,Parker,CO,80134,3,4.0,2104,2770.0,39.52784,-104.7872,Douglas County RE 1 School District,517655.0
10064633,10414 Strasburg Way,Parker,CO,80134,3,4.0,2104,2686.0,39.52784,-104.7872,Douglas County RE 1 School District,517655.0
10064659,13561 Vallejo St,Westminster,CO,80234,3,2.0,1407,2325.0,39.94125,-105.01434,Adams 12 Five Star Schools,486666.67
10064665,12116 Grape St,Thornton,CO,80241,4,3.0,1813,2390.0,39.91627,-104.92404,Adams 12 Five Star Schools,465333.33
10064666,13340 Cherry Cir,Thornton,CO,80241,4,3.5,2036,2735.0,39.938,-104.93421,Adams 12 Five Star Schools,457385.0
10066638,845 W 101st Pl,Northglenn,CO,80260,3,2.0,900,2100.0,39.88014,-104.9973,Adams 12 Five Star Schools,413300.0
10066790,8661 Red Clover Ct,Parker,CO,80134,3,2.0,1490,2446.0,39.55985,-104.79983,Douglas County RE 1 School District,459516.35
10066807,8697 W 86th Cir,Arvada,CO,80005,4,2.0,924,2340.0,39.854,-105.09,Jefferson County R-1 School District,411633.33
10066852,8736 Greengrass Way,Parker,CO,80134,3,2.0,1471,2450.0,39.55807,-104.79421,Douglas County RE 1 School District,430000.0
10066854,8738 Snowbird Way,Parker,CO,80134,3,3.0,1307,2380.0,39.55829,-104.79605,Douglas County RE 1 School District,388266.67
10066974,8956 W 88th Pl,Westminster,CO,80021,3,1.5,1325,2300.0,39.85753,-105.09709,Jefferson County R-1 School District,346633.33
10068352,9051 Bermuda Run Cir,Highlands Ranch,CO,80130,3,2.0,1322,2450.0,39.55173,-104.91204,Douglas County RE 1 School District,457966.67
10070508,9074 Moon Cir,Thornton,CO,80229,3,1.0,1140,2145.0,39.86093,-104.95744,Mapleton 1 School District,373564.95
10071120,9131 Judson St,Westminster,CO,80031,4,2.0,1800,2605.0,39.86246,-105.02907,Westminster 50 School District,426633.33
10072686,9343 W Capri Ave,Littleton,CO,80123,4,3.0,1893,2645.0,39.6064,-105.1029,Jefferson County R-1 School District,472282.3
10072754,9434 Brentwood St,Westminster,CO,80021,3,2.0,1915,2615.0,39.87,-105.09,Jefferson County R-1 School District,548333.33
10073279,9731 W 104th Dr,Westminster,CO,80021,3,2.0,1144,2345.0,39.884,-105.107,Jefferson County R-1 School District,396666.67
10095558,8922 W Radcliffe Pl,Littleton,CO,80123,3,2.0,2026,2231.0,39.63617,-105.09708,Jefferson County R-1 School District,493885.0
10095558,8922 W Radcliffe Pl,Littleton,CO,80123,3,2.0,2026,2600.0,39.63617,-105.09708,Jefferson County R-1 School District,493885.0
10096018,7025 Zenobia St,Westminster,CO,80030,4,2.0,1904,2831.0,39.82508,-105.05287,Westminster 50 School District,461624.33
10096455,5183 E 119th Way,Thornton,CO,80233,3,2.5,1405,2600.0,39.91292,-104.92692,Adams 12 Five Star Schools,416633.33
10096530,5120 Troy St,Denver,CO,80239,3,2.0,1864,2525.0,39.78991,-104.84171,Denver County 1 School District,384000.0
10096530,5120 Troy St,Denver,CO,80239,3,2.0,1864,2300.0,39.78991,-104.84171,Denver County 1 School District,383540.0
10096947,19929 E 47th Dr,Denver,CO,80249,3,2.5,1754,2567.0,39.78309,-104.75736,Denver County 1 School District,409705.9
10110018,3962 S Helena St,Aurora,CO,80013,3,3.0,1900,2700.0,39.64402,-104.80711,Cherry Creek 5 School District,444000.0
10110154,11039 Grange Creek Dr,Thornton,CO,80233,4,2.0,1885,2845.0,39.89594,-104.92393,Adams 12 Five Star Schools,414553.35
10110158,5431 S Genoa St,Centennial,CO,80015,4,3.5,2185,2800.0,39.617647,-104.757882,Cherry Creek 5 School District,504880.0
10110322,3813 S Ceylon Way,Aurora,CO,80013,4,2.0,1814,2495.0,39.64733,-104.76226,Cherry Creek 5 School District,352474.5
10110346,5722 S Netherland St,Centennial,CO,80015,5,2.0,2314,2810.0,39.61273,-104.73871,Cherry Creek 5 School District,437704.95
10110559,11062 Wolff Way,Westminster,CO,80031,3,2.5,2142,2845.0,39.8973,-105.04747,Adams 12 Five Star Schools,567055.0
10110567,3604 S Flanders St,Aurora,CO,80013,4,2.0,1862,2639.0,39.65063,-104.75707,Cherry Creek 5 School District,418330.0
10110567,3604 S Flanders St,Aurora,CO,80013,4,2.0,1862,2585.0,39.65063,-104.75707,Cherry Creek 5 School District,426080.0
10110597,1965 Rosemary St,Denver,CO,80220,3,2.0,1463,2585.0,39.74659,-104.90021,Denver County 1 School District,487900.0
10111139,16265 E Hamilton Pl,Aurora,CO,80013,4,2.0,2048,2690.0,39.65399,-104.79861,Adams-Arapahoe 28J School District,393560.0
10111139,16265 E Hamilton Pl,Aurora,CO,80013,4,2.0,2048,2775.0,39.65399,-104.79861,Adams-Arapahoe 28J School District,396560.0
10111186,3770 S Jebel Way,Aurora,CO,80013,4,2.5,2182,2699.0,39.64782,-104.75018,Cherry Creek 5 School District,442894.95
10111211,3674 S Cathay St,Aurora,CO,80013,3,2.5,1826,2525.0,39.64894,-104.76544,Cherry Creek 5 School District,403074.2
10111507,5770 S Orleans St,Centennial,CO,80015,4,2.0,1858,2742.0,39.61092,-104.73749,Cherry Creek 5 School District,432964.95
10111548,4618 S Joplin Way,Aurora,CO,80015,4,2.5,1836,2544.0,39.6328,-104.80363,Cherry Creek 5 School District,399384.5
10111591,4797 S Quintero St,Aurora,CO,80015,4,2.5,1585,2525.0,39.62973,-104.78688,Cherry Creek 5 School District,384833.65
10111634,5202 E 119th Ct,Thornton,CO,80233,3,2.25,1405,2429.0,39.91321,-104.92593,Adams 12 Five Star Schools,429015.0
10111679,3597 S Halifax Way,Aurora,CO,80013,3,2.5,1830,2600.0,39.65118,-104.75496,Cherry Creek 5 School District,424705.0
10111870,12426 Dexter St,Thornton,CO,80241,3,2.5,1549,2625.0,39.92233,-104.93305,Adams 12 Five Star Schools,383217.5
10111927,3663 E 133rd Ct,Thornton,CO,80241,3,2.5,2240,2500.0,39.93676,-104.94433,Adams 12 Five Star Schools,505135.0
10112212,8955 Cody Ct,Westminster,CO,80021,4,2.0,1584,2522.0,39.86043,-105.09449,Jefferson County R-1 School District,411760.0
10112259,2464 S Gibralter Way,Aurora,CO,80013,3,2.5,1582,2510.0,39.67377,-104.75468,Adams-Arapahoe 28J School District,406666.67
10112282,6486 S Dexter St,Centennial,CO,80121,5,2.0,2028,2849.0,39.59963,-104.93205,Littleton 6 School District,501260.0
10112362,12757 S Red Rosa Cir,Parker,CO,80134,3,2.5,2167,2890.0,39.485004,-104.783414,Douglas County RE 1 School District,610161.0
10112395,18275 E Bellewood Dr,Aurora,CO,80015,3,3.5,2164,2725.0,39.62502,-104.77515,Cherry Creek 5 School District,402465.0
10112529,9764 Columbine Ct,Thornton,CO,80229,4,2.0,1908,2665.0,39.87324,-104.95627,Mapleton 1 School District,405460.0
10112548,12831 Billingsley Trl,Parker,CO,80134,4,2.5,1892,2732.0,39.482911,-104.787269,Douglas County RE 1 School District,527895.8
10113259,19775 E Oxford Dr,Aurora,CO,80013,4,3.0,2049,2737.0,39.642,-104.75932,Cherry Creek 5 School District,398915.0
10113461,17574 E Bellewood Cir,Aurora,CO,80015,4,2.5,2536,3035.0,39.62435,-104.78309,Cherry Creek 5 School District,442340.0
10114198,501 Emery Rd,Northglenn,CO,80233,4,2.0,1954,2475.0,39.89874,-104.97971,Adams 12 Five Star Schools,411664.85
10115089,10062 Milwaukee St,Thornton,CO,80229,3,2.5,1591,2545.0,39.87842,-104.95208,Mapleton 1 School District,405185.0
10115252,16430 Race St,Thornton,CO,80602,3,3.0,1672,2675.0,39.99459,-104.962,Adams 12 Five Star Schools,544649.0
10115518,22039 E Princeton Cir,Aurora,CO,80018,3,2.5,1522,2525.0,39.63974,-104.73039,Cherry Creek 5 School District,452195.0
10115542,5558 S Ireland Way,Centennial,CO,80015,3,2.5,1846,2610.0,39.61577,-104.75141,Cherry Creek 5 School District,445810.0
10115563,15883 E Bethany Pl,Aurora,CO,80013,5,3.0,1860,2425.0,39.66316,-104.80322,Adams-Arapahoe 28J School District,393565.0
10115863,12193 Monaco Dr,Brighton,CO,80602,3,2.0,1809,2500.0,39.91704,-104.91232,Adams 12 Five Star Schools,434475.0
10115951,10277 Dusk Way,Littleton,CO,80125,4,3.0,2100,2765.0,39.4743,-105.07861,Douglas County RE 1 School District,479039.95
