address,city,zip,beds,baths,sqft,listPrice,taxes,lat,lng,monthly_hoa,districtMatch
19632 W 59th Avenue,Golden,80403,4.0,3.0,2216,750000,6807,39.80406705,-105.22206082,40.0,Jefferson County R-1 School District
2655 Locust Street,Denver,80207,5.0,3.0,2915,750000,2846,39.7556959,-104.91439622,0.0,Denver County 1 School District
3453 Wabash Street,Denver,80238,3.0,4.0,2134,750000,4916,39.76449901,-104.88952349,43.0,Denver County 1 School District
1550 E Dartmouth Avenue,Englewood,80113,5.0,2.0,2727,750000,2755,39.6602763,-104.96920823,0.0,Englewood 1 School District
1270 Pontiac Street,Denver,80220,4.0,2.0,1835,750000,2937,39.73688137,-104.90548419,0.0,Denver County 1 School District
6644 Everett Street,Arvada,80004,3.0,3.0,2146,750000,2163,39.81822432,-105.09616809,0.0,Jefferson County R-1 School District
2115 Teller Street,Lakewood,80214,5.0,3.0,3074,750000,3491,39.74958613,-105.07704445,0.0,Jefferson County R-1 School District
6900 W Grant Ranch Boulevard Unit 8,Denver,80123,3.0,3.0,2215,750000,4374,39.61707474,-105.07372342,65.0,Denver County 1 School District
6590 Saulsbury Court,Arvada,80003,6.0,4.0,3532,750000,2949,39.81624579,-105.07627848,0.0,Jefferson County R-1 School District
3112 S Monaco Circle,Denver,80222,4.0,3.0,3099,750000,3754,39.65975741,-104.91389187,0.0,Cherry Creek 5 School District
4112 S Vrain Street,Denver,80236,4.0,4.0,3180,750000,2430,39.64292041,-105.04608781,2.5,Denver County 1 School District
1193 S Clarkson Street,Denver,80210,4.0,2.0,2177,750000,3038,39.6949327,-104.97828738,0.0,Denver County 1 School District
5891 Wood Sorrel Drive,Littleton,80123,3.0,3.0,2853,750000,4150,39.60998664,-105.04381642,133.33333333333334,Littleton 6 School District
1150 S Jackson Street,Denver,80210,5.0,2.0,1798,750000,2732,39.69557343,-104.94272938,0.0,Denver County 1 School District
4835 W 29th Avenue,Denver,80212,3.0,2.0,1755,750000,2561,39.75873771,-105.04959359,0.0,Denver County 1 School District
2545 Teller Court,Lakewood,80214,3.0,3.0,3300,750000,2785,39.753739,-105.07769,0.0,Jefferson County R-1 School District
19095 Robins Drive,Denver,80249,7.0,4.0,5193,750000,5182,39.79718105,-104.76448701,0.0,Denver County 1 School District
946 S Leyden Street,Denver,80224,5.0,5.0,3300,749900,2169,39.6990395,-104.91484501,0.0,Denver County 1 School District
4250 Wyandot Street,Denver,80211,3.0,2.0,1748,749900,2616,39.77511384,-105.01446274,0.0,Denver County 1 School District
9840 W 36th Avenue,Wheat Ridge,80033,5.0,3.0,2072,749900,2203,39.76641458,-105.10775268,0.0,Jefferson County R-1 School District
3615 Osceola Street,Denver,80212,2.0,1.0,1922,749900,2544,39.76704551,-105.0384131,0.0,Denver County 1 School District
3084 S Federal Boulevard,Denver,80236,2.0,1.0,905,749900,1717,39.66101187,-105.02465761,0.0,Denver County 1 School District
1227 Ash Street,Denver,80220,3.0,3.0,1767,749500,2253,39.73526897,-104.93857153,0.0,Denver County 1 School District
11032 W Crestline Drive,Littleton,80127,4.0,3.0,2463,749000,2311,39.61860683,-105.12137851,38.666666666666664,Jefferson County R-1 School District
6970 Iris Court,Arvada,80004,4.0,4.0,3401,749000,3744,39.82312727,-105.10750374,60.0,Jefferson County R-1 School District
"8140 Brighton Road Unit 1,#2,#3",Commerce City,80022,2.0,2.0,1240,749000,1927,39.84451374,-104.92042356,0.0,Adams 12 Five Star Schools
1351 Jackson Street Unit 1353,Denver,80206,3.0,2.0,1873,747000,2900,39.73766039,-104.94314305,0.0,Denver County 1 School District
12607 W 38th Drive,Wheat Ridge,80033,4.0,2.0,3061,745000,2556,39.7684256,-105.14070431,0.0,Jefferson County R-1 School District
1305 E Iowa Avenue,Denver,80210,3.0,3.0,1615,745000,2749,39.687801,-104.97191125,0.0,Denver County 1 School District
8285 E Lehigh Avenue,Denver,80237,4.0,3.0,2600,745000,2623,39.64729324,-104.89202,0.0,Denver County 1 School District
1340 S Washington Street,Denver,80210,3.0,3.0,2538,745000,3241,39.69210836,-104.9788276,0.0,Denver County 1 School District
1995 W 67th Place,Denver,80221,3.0,3.0,2331,740300,6229,39.81911,-105.01126,72.0,Mapleton 1 School District
3050 S Roslyn Street,Denver,80231,4.0,3.0,3525,740000,1493,39.66192331,-104.90042725,0.0,Denver County 1 School District
968 N Corona Street,Denver,80218,4.0,2.0,1850,739000,1104,39.731553,-104.9737607,0.0,Denver County 1 School District
3267 S Holly Street,Denver,80222,4.0,3.0,2112,735000,1892,39.65713016,-104.92336236,0.0,Denver County 1 School District
717 E 23rd Avenue,Denver,80205,4.0,2.0,2049,735000,2660,39.75089533,-104.97764481,0.0,Denver County 1 School District
3900 Vallejo Street,Denver,80211,2.0,2.0,2088,735000,2833,39.77066732,-105.0133029,0.0,Denver County 1 School District
3560 Chase Street,Wheat Ridge,80212,3.0,2.0,1578,730000,3439,39.76734144,-105.05701037,0.0,Jefferson County R-1 School District
1525 Holly Street,Denver,80220,3.0,2.0,1921,730000,2633,39.74073427,-104.922587,0.0,Denver County 1 School District
105 S Newland Street,Lakewood,80226,3.0,2.0,624,729900,2660,39.71457462,-105.06996104,0.0,Jefferson County R-1 School District
3547 S Ivanhoe Street,Denver,80237,5.0,4.0,3269,729819,2919,39.65166941,-104.92211894,0.0,Denver County 1 School District
125 E Florida Avenue,Denver,80210,3.0,2.0,1342,729000,1971,39.68954813,-104.98563837,0.0,Denver County 1 School District
3320 Nelson Street,Wheat Ridge,80033,3.0,3.0,2121,729000,2344,39.76368123,-105.11756206,0.0,Jefferson County R-1 School District
141 W 1st Avenue,Denver,80223,3.0,2.0,1928,725000,3183,39.71863368,-104.99030033,0.0,Denver County 1 School District
10400 W 33rd Place,Wheat Ridge,80033,3.0,3.0,2037,725000,2321,39.76281024,-105.11493779,0.0,Jefferson County R-1 School District
310 Elati Street,Denver,80223,2.0,2.0,1476,725000,2957,39.7212025,-104.99372814,0.0,Denver County 1 School District
244 W Irvington Place,Denver,80223,4.0,3.0,1658,725000,2809,39.71731001,-104.99180075,0.0,Denver County 1 School District
4874 S Routt Street,Littleton,80127,4.0,4.0,3314,724900,3555,39.62825457,-105.12778283,0.0,Jefferson County R-1 School District
920 S Emporia Street,Denver,80247,4.0,4.0,3186,720000,3317,39.69945853,-104.87400415,0.0,Jefferson County R-1 School District
995 S Braun Drive,Lakewood,80228,4.0,3.0,1937,719900,1798,39.69806541,-105.15096275,0.0,Denver County 1 School District
1823 S Downing Street,Denver,80210,4.0,2.0,1650,719900,2841,39.68343167,-104.97380655,0.0,Cherry Creek 5 School District
17004 E Dorado Drive,Centennial,80015,5.0,4.0,3292,719900,3921,39.6135,-104.79002,113.0,Denver County 1 School District
1150 S Forest Street,Denver,80246,4.0,2.0,1588,719000,1866,39.69535085,-104.92550533,0.0,Denver County 1 School District
3121 Fulton Street,Denver,80238,3.0,3.0,1726,715000,5186,39.76146172,-104.87073143,43.0,Cherry Creek 5 School District
7220 E 12th Avenue,Denver,80220,4.0,3.0,2037,715000,2830,39.73541315,-104.90388336,0.0,Cherry Creek 5 School District
6511 W Ohio Avenue,Lakewood,80226,4.0,1.0,1625,715000,2961,39.7024039,-105.06947342,0.0,Adams-Arapahoe 28J School District
1331 Bellaire Street,Denver,80220,4.0,2.0,1753,715000,3232,39.73710114,-104.93757049,0.0,Denver County 1 School District
5838 S Espana Street,Aurora,80015,3.0,3.0,2621,714900,3495,39.60994,-104.76017,27.0,Denver County 1 School District
17758 E Dorado Drive,Centennial,80015,5.0,4.0,3222,710000,2672,39.61202726,-104.78356995,65.0,Jefferson County R-1 School District
21886 E 45th Avenue,Aurora,80019,5.0,4.0,4176,709990,2052,39.77786495,-104.73246604,0.0,Denver County 1 School District
4744 Raleigh Street,Denver,80212,3.0,3.0,1541,700000,1854,39.78290604,-105.04131706,0.0,Denver County 1 School District
660 S Monaco Parkway,Denver,80224,7.0,3.0,3106,700000,2562,39.70461975,-104.91244246,0.0,Jefferson County R-1 School District
8665 W 67th Place,Arvada,80004,5.0,3.0,3355,700000,2062,39.8192257,-105.09363528,0.0,Jefferson County R-1 School District
11 S Logan Street,Denver,80209,3.0,2.0,1284,700000,2686,39.71621812,-104.98287899,0.0,Denver County 1 School District
3325 W 32nd Avenue,Denver,80211,2.0,2.0,1060,700000,2681,39.76224347,-105.03070606,0.0,Jefferson County R-1 School District
2202 Braun Court,Golden,80401,5.0,3.0,2394,700000,3024,39.7517994,-105.14989032,0.0,Jefferson County R-1 School District
642 Deframe,Golden,80401,4.0,3.0,2544,700000,1976,39.72706669,-105.15451698,0.0,Englewood 1 School District
2640 N Monroe Street,Denver,80205,4.0,2.0,1996,699900,2844,39.75524702,-104.94500973,0.0,Denver County 1 School District
7265 W 33rd Avenue,Wheat Ridge,80033,4.0,2.0,1800,699900,1598,39.76369734,-105.07780248,0.0,Jefferson County R-1 School District
8113 Ammons Way,Arvada,80005,4.0,4.0,3119,699900,3204,39.84438,-105.08764,0.0,Jefferson County R-1 School District
573 E Amherst Place,Englewood,80113,4.0,3.0,2256,699900,2369,39.66538119,-104.98082927,0.0,Jefferson County R-1 School District
2625 Oneida Street,Denver,80207,5.0,4.0,2645,699900,2532,39.75541892,-104.90840737,0.0,Jefferson County R-1 School District
2505 S Allison Court,Lakewood,80227,5.0,4.0,3483,699000,3275,39.67130589,-105.08734834,0.0,Denver County 1 School District
2618 S Wadsworth Way,Lakewood,80227,4.0,3.0,2750,699000,2647,39.66834666,-105.08198132,0.0,Denver County 1 School District
6871 Upham Street,Arvada,80003,6.0,3.0,2478,699000,2752,39.82176233,-105.07878136,0.0,Jefferson County R-1 School District
6447 Independence Court,Arvada,80004,4.0,3.0,3080,699000,2747,39.81483017,-105.10521777,0.0,Denver County 1 School District
3586 S Holly Street,Denver,80237,4.0,3.0,2522,699000,2373,39.6507369,-104.92256427,0.0,Adams-Arapahoe 28J School District
6240 E Florida Avenue,Denver,80224,4.0,3.0,2007,698900,1249,39.68917813,-104.91571991,0.0,Jefferson County R-1 School District
4295 S Braun Court,Morrison,80465,3.0,3.0,3033,698900,3226,39.63746468,-105.15176627,10.0,Jefferson County R-1 School District
2800 S Williams Street,Denver,80210,5.0,2.0,2097,698000,2849,39.665897,-104.96628757,0.0,Adams-Arapahoe 28J School District
21612 E 60th Avenue,Aurora,80019,4.0,4.0,3441,697732,1935,39.80820885,-104.75806485,79.0,Denver County 1 School District
13654 W Auburn Avenue,Lakewood,80228,4.0,3.0,2565,695000,2566,39.67398377,-105.15298205,0.0,Denver County 1 School District
10850 W 41st Avenue,Wheat Ridge,80033,4.0,2.0,1829,690000,1737,39.77226672,-105.11976495,0.0,Denver County 1 School District
1151 Revere Street,Aurora,80011,3.0,2.0,2257,690000,2106,39.73411167,-104.84326917,0.0,Denver County 1 School District
4662 S Quitman Street,Denver,80236,4.0,3.0,3437,690000,2135,39.6323382,-105.04234797,0.0,Denver County 1 School District
2601 S Quebec Street Unit 19,Denver,80231,3.0,4.0,3844,690000,1633,39.67050666,-104.90603615,500.0,Denver County 1 School District
2368 E Floyd Place,Englewood,80113,4.0,4.0,2094,690000,2460,39.65580508,-104.9599885,0.0,Jefferson County R-1 School District
2822 S Uinta Street,Denver,80231,3.0,3.0,2771,689970,1701,39.66602352,-104.89326005,0.0,Jefferson County R-1 School District
1011 S Valentia Street Unit 81,Denver,80247,4.0,4.0,3030,689900,2597,39.6986819,-104.89419061,350.0,Cherry Creek 5 School District
4902 W Oxford Avenue,Denver,80237,4.0,3.0,3264,689000,2114,39.64301734,-105.05000048,2.5,Jefferson County R-1 School District
1573 S Lincoln Street,Denver,80210,3.0,2.0,1788,689000,2888,39.68808679,-104.98651751,0.0,Denver County 1 School District
2698 S Depew Place,Lakewood,80227,5.0,3.0,3562,689000,3944,39.66792598,-105.05761536,0.0,Jefferson County R-1 School District
1540 S Pierce Street,Lakewood,80232,6.0,5.0,3512,689000,2016,39.6889329,-105.07179296,0.0,Adams-Arapahoe 28J School District
5705 S Andes Street,Aurora,80015,5.0,3.0,2832,687000,3368,39.61501786,-104.77202067,64.0,Jefferson County R-1 School District
185 Allison Street,Lakewood,80226,3.0,2.0,1983,687000,2636,39.71996428,-105.086048,0.0,Denver County 1 School District
8095 E Lehigh Avenue,Denver,80237,3.0,3.0,2787,685000,1429,39.6474896,-104.89512801,0.0,Denver County 1 School District
3363 Vivian Drive,Wheat Ridge,80033,4.0,3.0,3032,685000,3233,39.76375337,-105.13517229,0.0,Cherry Creek 5 School District
6053 N Nepal Street,Aurora,80019,3.0,3.0,2462,675500,484,39.80659042,-104.74083537,79.0,Jefferson County R-1 School District
8225 W 66 Avenue,Arvada,80004,3.0,2.0,2016,675000,2345,39.81652904,-105.08887446,0.0,Denver County 1 School District
4021 King Street,Denver,80211,2.0,1.0,886,675000,2880,39.77237373,-105.03320022,0.0,Adams-Arapahoe 28J School District
1180 Roslyn Street,Denver,80220,3.0,3.0,1601,675000,2528,39.73533907,-104.90058866,0.0,Adams-Arapahoe 28J School District
5459 S Rifle Street,Centennial,80015,5.0,3.0,3210,675000,3283,39.61729352,-104.78617382,5.0,Jefferson County R-1 School District
4642 Decatur Street,Denver,80211,3.0,2.0,1723,675000,2179,39.78103629,-105.02135385,0.0,Denver County 1 School District
3310 Independence Court,Wheat Ridge,80033,3.0,2.0,2367,675000,2359,39.76318339,-105.10529619,0.0,Jefferson County R-1 School District
1165 Rosemary Street,Denver,80220,4.0,3.0,2527,675000,1811,39.73482098,-104.90015301,0.0,Adams-Arapahoe 28J School District
21554 E 59th Drive,Aurora,80019,4.0,4.0,3269,674632,1935,39.80533989,-104.73519973,79.0,Jefferson County R-1 School District
5021 N Quemoy Court,Aurora,80019,2.0,2.0,1881,674339,9705,39.78619549,-104.73035118,195.0,Adams-Arapahoe 28J School District
2384 S Hoyt Street,Lakewood,80227,4.0,3.0,2670,673000,3157,39.67324342,-105.10213277,0.0,Cherry Creek 5 School District
4960 E Dartmouth Avenue,Denver,80222,3.0,2.0,2330,672000,2215,39.66070433,-104.9297367,0.0,Jefferson County R-1 School District
3965 Miller Street,Wheat Ridge,80033,2.0,2.0,1829,670000,2556,39.77132982,-105.1142568,270.0,Englewood 1 School District
20988 E 60th Place,Aurora,80019,4.0,4.0,3269,669068,484,39.80533989,-104.73519973,79.0,Denver County 1 School District
2610 S Kipling Court,Lakewood,80227,4.0,3.0,3859,667900,3372,39.66825,-105.10998,345.0,Jefferson County R-1 School District
5031 Quemoy Court,Aurora,80019,2.0,2.0,2542,666296,9502,39.786493,-104.730676,195.0,Denver County 1 School District
18927 E Crestridge Circle,Aurora,80015,5.0,4.0,2767,663300,3002,39.61585,-104.76806,65.0,Jefferson County R-1 School District
656 Mc Intyre Street,Golden,80401,4.0,3.0,1835,660000,2767,39.72638845,-105.17446712,0.0,Adams-Arapahoe 28J School District
6453 Kendall Street,Arvada,80003,4.0,3.0,2386,660000,1741,39.81465933,-105.0665484,0.0,Denver County 1 School District
4940 S Elati Street,Englewood,80110,5.0,2.0,2268,659900,1407,39.62687719,-104.9934259,0.0,Denver County 1 School District
1775 Quince Street,Denver,80220,3.0,2.0,1641,655900,2304,39.74510572,-104.90254308,0.0,Jefferson County R-1 School District
5776 W 80th Circle,Arvada,80003,4.0,3.0,3128,655000,3105,39.84203135,-105.06073381,55.0,Denver County 1 School District
8196 E Lehigh Avenue,Denver,80237,5.0,3.0,2454,655000,2253,39.64703281,-104.8938789,0.0,Jefferson County R-1 School District
3092 S Kearney Street,Denver,80222,4.0,3.0,2774,654000,2355,39.66073338,-104.917678,0.0,Jefferson County R-1 School District
7140 N Gladiola,Arvada,80004,4.0,4.0,2757,652000,3008,39.82595745,-105.16273785,0.0,Denver County 1 School District
21721 E 50th Drive,Aurora,80019,3.0,3.0,2542,650531,8716,39.78590007,-104.73389429,185.0,Denver County 1 School District
4350 W Bellewood Drive,Denver,80123,3.0,2.0,2132,650000,2136,39.62819542,-105.04300733,0.0,Englewood 1 School District
2350 S Dahlia Street,Denver,80222,4.0,2.0,2509,650000,4510,39.67346964,-104.93116267,0.0,Jefferson County R-1 School District
21283 E 48th Drive,Denver,80249,4.0,4.0,3783,650000,3164,39.78289833,-104.73954499,0.0,Denver County 1 School District
2010 Zephyr Street,Lakewood,80214,7.0,4.0,3500,650000,2223,39.74774948,-105.08477386,0.0,Denver County 1 School District
11945 W Brandt Place,Littleton,80127,3.0,4.0,3135,650000,3356,39.61527026,-105.13274964,49.0,Cherry Creek 5 School District
623 S Ivy Way,Denver,80224,4.0,3.0,1898,650000,1537,39.70440726,-104.92080434,0.0,Denver County 1 School District
12503 W Hawaii Avenue,Lakewood,80228,5.0,3.0,2624,650000,2499,39.68799673,-105.14042542,0.0,Jefferson County R-1 School District
1835 S Welch Circle,Lakewood,80228,4.0,2.0,2388,650000,1878,39.68545553,-105.14688818,0.0,Englewood 1 School District
5250 Highline Place,Denver,80222,3.0,2.0,1548,650000,2589,39.66012603,-104.92639517,0.0,Jefferson County R-1 School District
1755 S Garfield Street,Denver,80210,3.0,2.0,1670,650000,2940,39.68482345,-104.94447808,0.0,Denver County 1 School District
3336 S Pearl Street,Englewood,80113,3.0,2.0,1858,650000,2224,39.65609193,-104.98021459,0.0,Jefferson County R-1 School District
3710 Ames Street,Wheat Ridge,80212,3.0,2.0,2387,650000,2529,39.7683002,-105.05408375,0.0,Jefferson County R-1 School District
1533 E 29th Avenue,Denver,80205,4.0,1.0,1691,650000,1962,39.75847847,-104.96864027,0.0,Adams-Arapahoe 28J School District
4120 Monroe Street,Denver,80216,3.0,2.0,1459,650000,1678,39.77428259,-104.944914,0.0,Adams-Arapahoe 28J School District
4722 S Biscay Court,Aurora,80015,4.0,3.0,2528,649900,2260,39.63096966,-104.76672446,52.0,Cherry Creek 5 School District
5309 Liverpool Street,Denver,80249,6.0,4.0,4067,649900,4203,39.79233,-104.74468,0.0,Jefferson County R-1 School District
5515 W 73rd Avenue,Westminster,80003,4.0,4.0,2708,649900,2833,39.82930553,-105.05682746,100.0,Denver County 1 School District
4445 S Delaware Street,Englewood,80110,5.0,2.0,1965,649900,1198,39.63572848,-104.99281205,0.0,Adams-Arapahoe 28J School District
559 S Dudley Street,Lakewood,80226,5.0,4.0,2900,649900,2770,39.7058159,-105.09644448,0.0,Denver County 1 School District
4258 Lipan Street,Denver,80211,3.0,2.0,1255,649900,2134,39.77533861,-105.00151256,0.0,Denver County 1 School District
13130 W 31st Avenue,Golden,80401,4.0,3.0,1991,649500,2318,39.76022429,-105.14562481,0.0,Jefferson County R-1 School District
3229 Zinnia Court,Golden,80401,5.0,3.0,2494,649000,3119,39.76204278,-105.14539569,0.0,Adams-Arapahoe 28J School District
21305 E 59th Drive,Aurora,80019,4.0,3.0,2005,648313,8000,39.80660834,-104.73482558,85.0,Denver County 1 School District
21584 E 59th Drive,Aurora,80019,3.0,3.0,2992,647621,1935,39.80356979,-104.73592555,79.0,Denver County 1 School District
15079 E Layton Place,Aurora,80015,4.0,4.0,3680,644900,1810,39.62927561,-104.81256971,0.0,Jefferson County R-1 School District
7013 Quail Street,Arvada,80004,4.0,3.0,3000,644900,2980,39.82506513,-105.12356876,0.0,Adams-Arapahoe 28J School District
1879 S Saint Paul Street,Denver,80210,3.0,2.0,1523,644300,2379,39.68248,-104.95121,0.0,Jefferson County R-1 School District
5042 N Quemoy Street,Aurora,80019,2.0,2.0,1981,644139,9204,39.78701212,-104.73022105,195.0,Denver County 1 School District
4643 S Vrain Street,Denver,80236,3.0,3.0,2085,640000,2128,39.63337477,-105.04672052,0.0,Adams-Arapahoe 28J School District
1120 S Harrison Street,Denver,80210,3.0,2.0,1256,640000,2465,39.69614,-104.941544,0.0,Denver County 1 School District
1972 S Holland Street,Lakewood,80227,3.0,2.0,1860,639900,2105,39.67950763,-105.10230764,2.0833333333333335,Denver County 1 School District
21564 E 59th Drive,Aurora,80019,3.0,3.0,2571,639594,1935,39.80344409,-104.73615096,79.0,Denver County 1 School District
4736 Federal Boulevard,Denver,80211,3.0,2.0,2500,639000,2709,39.78267304,-105.02476314,0.0,Denver County 1 School District
3921 S Uinta Street,Denver,80237,4.0,3.0,1550,639000,1830,39.64556155,-104.89394736,0.0,Denver County 1 School District
7685 Jellison Circle,Arvada,80005,4.0,3.0,2323,638000,3412,39.83654426,-105.108171,0.0,Adams-Arapahoe 28J School District
6034 N Malta Street,Aurora,80019,3.0,3.0,2499,637041,483,39.80633097,-104.74135013,79.0,Denver County 1 School District
5540 W 73rd Avenue,Westminster,80003,3.0,3.0,2413,635000,2590,39.82891419,-105.0571479,100.0,Englewood 1 School District
364 S Kearney Street,Denver,80224,6.0,2.0,2607,634900,1970,39.71030175,-104.91724358,0.0,Denver County 1 School District
6043 N Nepal Street,Aurora,80019,3.0,3.0,2499,630500,484,39.80641378,-104.74084457,79.0,Englewood 1 School District
115 Fox Street,Denver,80223,2.0,2.0,894,630000,1520,39.71875339,-104.99549683,0.0,Jefferson County R-1 School District
7500 E Dartmouth Avenue Unit 26,Denver,80231,3.0,3.0,2389,630000,2212,39.65931508,-104.9000382,325.0,Denver County 1 School District
1462 Rosemary Street,Denver,80220,3.0,2.0,1600,629999,1842,39.73980994,-104.89967371,0.0,Jefferson County R-1 School District
4823 Tejon Street,Denver,80221,3.0,2.0,1959,629900,2080,39.78422379,-105.01154654,0.0,Cherry Creek 5 School District
2779 W 38th Avenue,Denver,80211,3.0,2.0,2598,629900,2507,39.76952528,-105.02257527,0.0,Jefferson County R-1 School District
6802 Martin Luther King Boulevard,Denver,80207,3.0,3.0,790,629000,1832,39.76160225,-104.91022873,0.0,Cherry Creek 5 School District
20717 E Brunswick Place,Aurora,80013,2.0,2.0,1956,629000,5057,39.66492075,-104.74670757,42.0,Jefferson County R-1 School District
2088 S Lincoln Street,Denver,80210,3.0,2.0,1450,629000,2383,39.67872463,-104.98612475,0.0,Cherry Creek 5 School District
705 W Nassau Way,Englewood,80110,4.0,3.0,2816,629000,2339,39.64301928,-104.995,0.0,Westminster 50 School District
1655 S Monaco Parkway,Denver,80224,4.0,3.0,2300,626900,2149,39.68654,-104.91329,0.0,Adams-Arapahoe 28J School District
1106 W Princeton Place,Englewood,80110,3.0,2.0,1661,625000,2051,39.64063429,-105.00057556,0.0,Adams-Arapahoe 28J School District
13366 W Warren Circle,Lakewood,80228,4.0,3.0,2800,625000,3014,39.67533028,-105.1490144,0.0,Adams-Arapahoe 28J School District
1533 E 22nd Avenue,Denver,80205,3.0,2.0,1174,625000,2135,39.74964686,-104.96867811,0.0,Denver County 1 School District
1499 S Iris Street,Lakewood,80232,4.0,4.0,2684,625000,2818,39.68957561,-105.10661536,0.0,Jefferson County R-1 School District
18272 E Ida Drive,Centennial,80015,4.0,3.0,2406,625000,3282,39.60996575,-104.77429846,65.0,Jefferson County R-1 School District
8326 W 71st Place,Arvada,80004,4.0,3.0,2306,624950,1869,39.82616315,-105.08970947,0.0,Denver County 1 School District
5390 S Olathe Circle,Centennial,80015,3.0,4.0,2659,624900,2918,39.61871,-104.79441,62.0,Jefferson County R-1 School District
9475 W 37th Avenue,Wheat Ridge,80033,4.0,3.0,1335,624500,2659,39.76770173,-105.10336817,0.0,Jefferson County R-1 School District
5469 S Shawnee Way,Aurora,80015,3.0,3.0,2417,624300,3680,39.61703,-104.72962,70.0,Denver County 1 School District
4675 W 63rd Place,Arvada,80003,3.0,4.0,2319,624300,3893,39.81248,-105.04758,68.0,Jefferson County R-1 School District
21364 E 59th Drive,Aurora,80019,3.0,3.0,2187,623500,1935,39.80444505,-104.73882457,79.0,Denver County 1 School District
21668 E 61st Dr,Aurora,80019,3.0,3.0,3217,621000,1935,39.80774535,-104.73487384,79.0,Denver County 1 School District
21344 E 59th Drive,Aurora,80019,3.0,3.0,2132,620500,1935,39.80449794,-104.73895905,79.0,Denver County 1 School District
1595 S Steele Street,Denver,80210,2.0,2.0,1080,620000,2394,39.68767938,-104.95138905,0.0,Jefferson County R-1 School District
1895 S Beech Street,Lakewood,80228,3.0,3.0,1846,620000,2776,39.68235628,-105.153871,0.0,Jefferson County R-1 School District
6110 Johnson Way,Arvada,80004,5.0,3.0,2220,619900,2186,39.80908449,-105.1103137,0.0,Adams-Arapahoe 28J School District
19949 E 61st Drive,Aurora,80019,5.0,3.0,2849,619900,842,39.80866782,-104.75489956,30.0,Adams-Arapahoe 28J School District
1420 S Birch Street,Denver,80222,3.0,2.0,1507,619000,2136,39.69072651,-104.9359761,0.0,Cherry Creek 5 School District
735 Cole Drive,Lakewood,80401,3.0,3.0,1824,616000,2192,39.72774469,-105.15160525,0.0,Denver County 1 School District
10009 W 60th Avenue,Arvada,80004,5.0,3.0,2516,615000,1493,39.80603349,-105.11026173,0.0,Denver County 1 School District
49 W Alameda Avenue,Denver,80223,3.0,2.0,1407,615000,2543,39.71140352,-104.98884109,0.0,Adams-Arapahoe 28J School District
12033 W Maryland Drive,Lakewood,80228,2.0,2.0,2210,615000,1832,39.69246503,-105.1293446,0.0,Denver County 1 School District
7900 E Dartmouth Avenue Unit 40,Denver,80231,3.0,3.0,2330,615000,2332,39.65932504,-104.89792961,325.0,Denver County 1 School District
3430 Dexter Street,Denver,80207,4.0,2.0,1969,615000,2448,39.76506341,-104.93287253,0.0,Denver County 1 School District
5472 Tamarac Way,Denver,80238,3.0,3.0,1666,610000,4593,39.79585905,-104.89484456,43.0,Jefferson County R-1 School District
7943 W 62nd Way,Arvada,80004,4.0,3.0,3151,610000,3311,39.81065087,-105.08500872,0.0,Denver County 1 School District
13937 W Baker Place,Lakewood,80228,3.0,2.0,1918,609000,2441,39.6718946,-105.15588281,0.0,Denver County 1 School District
6045 N Nepal Street,Aurora,80019,3.0,3.0,2759,609000,484,39.80651182,-104.74091206,79.0,Jefferson County R-1 School District
2807 S Lisbon Way,Aurora,80013,3.0,3.0,2130,603000,4906,39.66642474,-104.74927549,42.0,Jefferson County R-1 School District
21577 E Mansfield Drive,Aurora,80013,5.0,3.0,3950,600000,4634,39.64569599,-104.73652858,50.333333333333336,Jefferson County R-1 School District
21498 E Mansfield Place,Aurora,80013,3.0,2.0,2471,600000,3682,39.64452914,-104.73706846,50.333333333333336,Jefferson County R-1 School District
3425 S Grape Street,Denver,80222,3.0,2.0,1300,600000,2116,39.65436372,-104.92516971,0.0,Denver County 1 School District
4459 S Xavier Street,Denver,80236,3.0,3.0,1752,600000,1737,39.63650626,-105.05086,0.0,Jefferson County R-1 School District
3011 S Jericho Way,Aurora,80013,4.0,3.0,2310,600000,4681,39.66280627,-104.75214654,41.0,Jefferson County R-1 School District
1056 S Pennsylvania Street,Denver,80209,2.0,1.0,1019,600000,2513,39.69749,-104.98128,0.0,Denver County 1 School District
4699 E Bails Place,Denver,80222,6.0,2.0,2000,600000,2052,39.68299504,-104.93252673,0.0,Cherry Creek 5 School District
3695 Elm Street,Denver,80207,3.0,2.0,1316,600000,1684,39.76822871,-104.92964718,0.0,Denver County 1 School District
2486 Ingalls Street,Edgewater,80214,3.0,2.0,1239,600000,2481,39.75272519,-105.0634886,0.0,Jefferson County R-1 School District
2632 N Marion Street,Denver,80205,3.0,2.0,1429,600000,2809,39.7552015,-104.97183001,0.0,Denver County 1 School District
75 S Knox Court,Denver,80219,3.0,3.0,1552,599999,1337,39.71512197,-105.03279954,0.0,Jefferson County R-1 School District
5295 S Cody Street,Littleton,80123,2.0,2.0,1474,599999,1816,39.61908768,-105.09446536,66.25,Denver County 1 School District
9135 W 5th Place,Lakewood,80226,6.0,3.0,1456,599999,2400,39.72420165,-105.09970168,0.0,Denver County 1 School District
970 S Chase Street,Lakewood,80226,3.0,2.0,1506,599900,1544,39.69926163,-105.05927527,0.0,Denver County 1 School District
11250 W Aqueduct Drive,Littleton,80127,3.0,3.0,1543,599900,2006,39.61744124,-105.12530354,38.666666666666664,Denver County 1 School District
1789 S Quail Street,Lakewood,80232,4.0,3.0,2508,599900,2244,39.68404007,-105.12463625,0.0,Jefferson County R-1 School District
3883 E Montana Place,Denver,80210,3.0,1.0,1105,599900,2014,39.68427577,-104.94324319,0.0,Denver County 1 School District
935 S Sheridan Boulevard,Lakewood,80226,4.0,2.0,1330,599900,2429,39.69902163,-105.05383095,0.0,Denver County 1 School District
3815 Independence Court,Wheat Ridge,80033,3.0,2.0,1980,599000,3007,39.76988259,-105.1057699,0.0,Denver County 1 School District
664 S Galena Street,Denver,80247,4.0,3.0,2253,599000,1652,39.70291914,-104.86931227,4.166666666666667,Jefferson County R-1 School District
5433 S Quintero Way,Centennial,80015,4.0,3.0,2564,599000,3473,39.61730736,-104.78823705,5.166666666666667,Jefferson County R-1 School District
1075 Jasmine Street,Denver,80220,2.0,1.0,1382,599000,2429,39.73218675,-104.91921644,0.0,Jefferson County R-1 School District
6487 Independence Way,Arvada,80004,5.0,3.0,1719,599000,1704,39.81520533,-105.10738368,0.0,Jefferson County R-1 School District
2633 E 30th Avenue,Denver,80205,3.0,1.0,1280,599000,2356,39.75966132,-104.95526449,0.0,Cherry Creek 5 School District
6115 Ames Street,Arvada,80003,4.0,2.0,2500,599000,2471,39.80816751,-105.05482793,0.0,Jefferson County R-1 School District
8115 E Bethany Place,Denver,80231,5.0,3.0,2485,599000,2332,39.66643,-104.89489,0.0,Denver County 1 School District
3241 Champa Street,Denver,80205,3.0,3.0,1464,599000,2789,39.76228889,-104.97412847,0.0,Adams-Arapahoe 28J School District
8115 E Bethany Place,Denver,80231,5.0,3.0,2485,599000,2332,39.66642497,-104.89491614,0.0,Jefferson County R-1 School District
2542 N Lafayette Street,Denver,80205,2.0,1.0,1126,599000,2486,39.75407175,-104.97051042,0.0,Jefferson County R-1 School District
1990 S Fox Street,Denver,80223,4.0,2.0,2129,598000,2079,39.68046263,-104.99460156,0.0,Denver County 1 School District
5652 Jellison Street,Arvada,80002,4.0,2.0,2178,595000,2866,39.79982771,-105.10791355,0.0,Jefferson County R-1 School District
6921 E Arkansas Avenue,Denver,80224,4.0,3.0,1758,595000,1503,39.69122694,-104.90761211,0.0,Jefferson County R-1 School District
760 W Asbury Avenue,Denver,80223,3.0,2.0,1344,595000,2444,39.68011925,-104.99672073,0.0,Denver County 1 School District
1416 Fillmore Street,Denver,80206,2.0,1.0,1467,595000,2250,39.73868197,-104.95262736,0.0,Adams-Arapahoe 28J School District
5975 Robb Court,Arvada,80004,4.0,3.0,2393,595000,3005,39.80445311,-105.125254,0.0,Cherry Creek 5 School District
7168 Ammons Street,Arvada,80004,3.0,2.0,2419,595000,1929,39.82654585,-105.0864551,0.0,Denver County 1 School District
5103 S Parfet Way,Littleton,80127,3.0,3.0,1720,595000,2987,39.62364406,-105.12090425,39.0,Denver County 1 School District
5957 N Flower Street,Arvada,80004,3.0,2.0,1413,595000,2248,39.80514598,-105.09954273,0.0,Jefferson County R-1 School District
18514 E Bethany Place,Aurora,80013,4.0,4.0,3100,595000,2316,39.66142144,-104.7711812,25.833333333333332,Jefferson County R-1 School District
3640 Kearney Street,Denver,80207,3.0,3.0,1610,595000,1592,39.76844481,-104.91720199,0.0,Jefferson County R-1 School District
7721 Garrison Court,Arvada,80005,4.0,3.0,2476,595000,2856,39.83620967,-105.1026879,0.0,Jefferson County R-1 School District
4705 Newton Street,Denver,80211,3.0,2.0,980,592000,2408,39.78237427,-105.037276,0.0,Denver County 1 School District
1617 S Pagosa Court,Aurora,80017,3.0,4.0,3289,590000,3329,39.68974235,-104.78553071,35.0,Jefferson County R-1 School District
1057 S Sheridan Boulevard,Lakewood,80226,6.0,2.0,2267,590000,2306,39.6980059,-105.05381029,0.0,Adams-Arapahoe 28J School District
5229 S Parfet Way,Littleton,80127,4.0,3.0,1976,590000,2966,39.62178706,-105.12230554,39.0,Cherry Creek 5 School District
1690 Spruce Street,Denver,80220,4.0,2.0,1672,590000,2050,39.74363597,-104.89731887,0.0,Cherry Creek 5 School District
3511 N Steele Street,Denver,80205,3.0,2.0,1523,590000,2355,39.7659835,-104.95025745,0.0,Sheridan 2 School District
12346 W Ohio Circle,Lakewood,80228,4.0,2.0,1796,589000,2560,39.69827908,-105.13645698,0.0,Denver County 1 School District
7138 Xenon Court,Arvada,80004,3.0,2.0,2333,589000,2947,39.82595924,-105.14018981,0.0,Denver County 1 School District
3379 W Wagon Trail Drive,Englewood,80110,5.0,2.0,2002,589000,2127,39.63121434,-105.0336191,0.0,Denver County 1 School District
5041 N Quemoy Court,Aurora,80018,2.0,2.0,2542,588630,8209,39.78695119,-104.73093572,195.0,Denver County 1 School District
3818 S Helena Way,Aurora,80013,3.0,3.0,2513,588100,1993,39.64717,-104.80745,2.5,Cherry Creek 5 School District
2330 S Quitman Street,Denver,80219,6.0,2.0,2143,588000,1821,39.67440338,-105.04085998,0.0,Jefferson County R-1 School District
6921 E Vassar Avenue,Denver,80224,5.0,3.0,2527,585000,1795,39.66985938,-104.90671409,0.0,Jefferson County R-1 School District
1633 S Yukon Street,Lakewood,80232,3.0,3.0,2075,585000,1590,39.68732999,-105.08283373,0.0,Englewood 1 School District
6260 Johnson Way,Arvada,80004,4.0,3.0,2005,585000,2370,39.81075619,-105.11223824,0.0,Jefferson County R-1 School District
8945 Cole Drive,Arvada,80004,4.0,3.0,2736,585000,3077,39.81024687,-105.09696393,0.0,Jefferson County R-1 School District
5409 Jellison Street,Arvada,80002,4.0,3.0,2231,584900,2853,39.79562382,-105.1069316,0.0,Cherry Creek 5 School District
4835 Vallejo Street,Denver,80221,3.0,2.0,1597,584500,1735,39.7845252,-105.01382096,0.0,Adams County 14 School District
3140 Sheridan Boulevard,Denver,80214,5.0,3.0,2555,584000,2433,39.76194317,-105.05301756,0.0,Adams-Arapahoe 28J School District
10347 W Bellewood Place,Littleton,80127,4.0,3.0,2601,582500,3064,39.62503422,-105.11374857,0.0,Adams-Arapahoe 28J School District
19220 E Pacific Place,Aurora,80013,3.0,3.0,2044,582000,5163,39.6785129,-104.76350615,100.0,Englewood 1 School District
5263 S Zeno Way,Centennial,80015,4.0,4.0,2521,580000,2939,39.62007781,-104.77379902,5.416666666666667,Englewood 1 School District
21838 E Powers Drive,Centennial,80015,4.0,4.0,2439,579900,3427,39.61388048,-104.73406245,37.0,Englewood 1 School District
3170 W Radcliff Avenue,Englewood,80110,5.0,2.0,2470,579000,2645,39.63695393,-105.02761751,0.0,Denver County 1 School District
2857 S Zenobia Street,Denver,80236,5.0,2.0,2083,579000,2038,39.663914,-105.051454,0.0,Denver County 1 School District
21706 E Stanford Circle,Aurora,80015,3.0,3.0,1831,578531,1983,39.63449894,-104.73493168,63.0,Denver County 1 School District
2760 S Perry Street,Denver,80236,4.0,2.0,2443,575000,2098,39.66553,-105.03976,0.0,Jefferson County R-1 School District
2760 S Perry Street,Denver,80236,4.0,2.0,2443,575000,2098,39.66552786,-105.039767,0.0,Denver County 1 School District
670 S Raritan Street,Denver,80223,4.0,2.0,1739,575000,1822,39.70414198,-105.00834764,0.0,Cherry Creek 5 School District
17705 E Ida Avenue,Centennial,80015,5.0,4.0,3146,575000,3376,39.61110542,-104.78520336,0.0,Jefferson County R-1 School District
11556 W 38th Place,Wheat Ridge,80033,4.0,2.0,1789,575000,2615,39.76981145,-105.12774281,0.0,Jefferson County R-1 School District
6654 Nelson Street,Arvada,80004,5.0,3.0,2292,575000,2505,39.81779409,-105.11537906,0.0,Cherry Creek 5 School District
6172 Carr Street,Arvada,80004,4.0,3.0,2422,575000,2273,39.80845074,-105.09047846,0.0,Cherry Creek 5 School District
4822 S Grant Street,Englewood,80113,4.0,3.0,1828,575000,2019,39.62908794,-104.98415943,0.0,Denver County 1 School District
1494 S Hoyt Street,Lakewood,80232,3.0,3.0,1731,575000,2547,39.68956878,-105.10510076,0.0,Cherry Creek 5 School District
1553 S Yank Street,Lakewood,80228,3.0,3.0,2194,575000,2741,39.68864,-105.14455,0.0,Denver County 1 School District
4954 S Evanston Street,Aurora,80015,4.0,3.0,2138,574900,2059,39.62695951,-104.81400541,2.9166666666666665,Denver County 1 School District
6461 N Ceylon Street,Denver,80249,4.0,3.0,1949,574710,6000,39.81495702,-104.76479339,39.0,Jefferson County R-1 School District
2787 S Waco Way,Aurora,80013,3.0,4.0,3370,574000,2606,39.66501697,-104.77748306,45.0,Denver County 1 School District
2309 S Eldridge Street,Lakewood,80228,4.0,3.0,2161,570000,2334,39.67566364,-105.15781192,0.0,Cherry Creek 5 School District
1760 Del Mar Parkway,Aurora,80010,5.0,3.0,2160,570000,2589,39.74493869,-104.87379651,0.0,Cherry Creek 5 School District
4765 S Bannock Street,Englewood,80110,5.0,2.0,2644,570000,1433,39.63006095,-104.99060986,0.0,Jefferson County R-1 School District
4196 S Cherokee Street,Englewood,80110,5.0,2.0,2112,569900,2150,39.64063721,-104.99112669,0.0,Adams County 14 School District
3211 S Galapago Street,Englewood,80110,4.0,2.0,1960,569900,2156,39.6584238,-104.99612675,0.0,Cherry Creek 5 School District
3720 Martin Luther King Boulevard,Denver,80205,4.0,2.0,1585,569900,1766,39.76137442,-104.94359548,0.0,Cherry Creek 5 School District
1453 Rosemary Street,Denver,80220,3.0,2.0,1685,569000,2138,39.73970232,-104.90024436,0.0,Adams-Arapahoe 28J School District
1021 Quebec Street,Denver,80220,3.0,2.0,1680,569000,2079,39.73162241,-104.90315946,0.0,Jefferson County R-1 School District
3201 W Farmdale Road,Englewood,80110,4.0,3.0,2326,568800,2284,39.63835517,-105.02834294,0.0,Denver County 1 School District
20 Dudley Street,Lakewood,80226,6.0,2.0,2240,567900,2576,39.71740867,-105.09464919,0.0,Westminster 50 School District
3690 Dahlia Street,Denver,80207,5.0,3.0,2067,565500,1781,39.76880293,-104.93130269,0.0,Jefferson County R-1 School District
18244 E Mansfield Avenue,Aurora,80013,5.0,4.0,2652,565000,2082,39.64506448,-104.77540522,0.0,Jefferson County R-1 School District
10403 W Arkansas Drive,Lakewood,80232,3.0,3.0,1672,565000,2484,39.69122328,-105.114984,0.0,Jefferson County R-1 School District
1209 S Brentwood Street,Lakewood,80232,4.0,2.0,2114,565000,1941,39.69455636,-105.08986181,0.0,Jefferson County R-1 School District
1711 S Nome Way,Aurora,80012,4.0,3.0,2585,564900,2278,39.68545997,-104.85269437,0.0,Jefferson County R-1 School District
11747 E Atlantic Place,Aurora,80014,4.0,3.0,2258,562300,2247,39.68105219,-104.85116724,1.6666666666666667,Jefferson County R-1 School District
3421 N Harrison Street,Denver,80205,4.0,2.0,1938,560000,2356,39.76491392,-104.94205346,0.0,Denver County 1 School District
1641 S Oswego Street,Aurora,80012,5.0,3.0,2780,560000,1945,39.6868893,-104.85003833,0.0,Jefferson County R-1 School District
3085 Wilson Court,Denver,80205,2.0,2.0,1400,560000,1641,39.76064107,-104.94707408,0.0,Jefferson County R-1 School District
3320 W Pimlico Avenue,Englewood,80110,4.0,2.0,2195,560000,2091,39.63247265,-105.03127539,0.0,Jefferson County R-1 School District
6651 Harlan Street,Arvada,80003,5.0,3.0,2090,560000,2428,39.81763809,-105.06241095,0.0,Jefferson County R-1 School District
5284 S Jericho Street,Centennial,80015,4.0,3.0,1748,559900,1876,39.62077,-104.74911,70.0,Denver County 1 School District
1870 W Beekman Place,Denver,80221,3.0,2.0,1282,559900,1676,39.78839308,-105.00964325,0.0,Denver County 1 School District
5782 S Ouray Court,Centennial,80015,4.0,3.0,2708,559900,3265,39.61143976,-104.79215437,62.0,Jefferson County R-1 School District
1868 S Ironton Street,Aurora,80012,2.0,2.0,1817,559000,1775,39.68269565,-104.86262081,43.333333333333336,Englewood 1 School District
2755 S Utica Street,Denver,80236,3.0,2.0,1735,559000,1781,39.6664712,-105.04510136,0.0,Denver County 1 School District
885 Deframe Street,Golden,80401,2.0,1.0,882,555000,2573,39.73061992,-105.15454973,0.0,Adams-Arapahoe 28J School District
6441 N Dunkirk Court,Aurora,80019,4.0,3.0,2115,554300,4361,39.813706,-104.762135,30.0,Jefferson County R-1 School District
11202 E Mexico Avenue,Aurora,80012,5.0,3.0,3108,550000,2286,39.6849232,-104.85757412,0.0,Denver County 1 School District
11355 E Colorado Drive,Aurora,80012,3.0,2.0,2053,550000,1466,39.68445,-104.85602,0.0,Denver County 1 School District
2135 S Telluride Court,Aurora,80013,4.0,4.0,2736,550000,2915,39.67756993,-104.781155,38.0,Jefferson County R-1 School District
19823 E 58th Avenue,Aurora,80019,7.0,4.0,2638,550000,4280,39.80183455,-104.75797279,55.0,Jefferson County R-1 School District
14290 W 50th Avenue,Golden,80403,2.0,2.0,882,550000,2469,39.78699242,-105.15956319,0.0,Jefferson County R-1 School District
81 N Sherman Street,Denver,80203,3.0,1.0,1246,550000,2767,39.71801925,-104.98525921,0.0,Jefferson County R-1 School District
3906 W 63rd Avenue,Arvada,80003,3.0,2.0,1065,550000,3371,39.81147974,-105.03842568,0.0,Adams-Arapahoe 28J School District
6777 Vivian Street,Arvada,80004,4.0,3.0,2196,550000,2783,39.82052983,-105.13762805,0.0,Denver County 1 School District
12246 W Texas Drive,Lakewood,80228,4.0,3.0,2095,550000,1932,39.69513405,-105.13169854,0.0,Adams-Arapahoe 28J School District
9281 W Louisiana Avenue,Lakewood,80232,3.0,2.0,1462,550000,2214,39.69360631,-105.10200222,0.0,Denver County 1 School District
6725 Upham Street,Arvada,80003,3.0,2.0,2008,550000,2141,39.81924778,-105.0788117,0.0,Westminster 50 School District
6012 Newcombe Court,Arvada,80004,5.0,3.0,1879,550000,1876,39.80625711,-105.11785029,0.0,Denver County 1 School District
1166 S Nome Street,Aurora,80012,4.0,3.0,2791,550000,1880,39.69403361,-104.85245985,0.0,Adams-Arapahoe 28J School District
6580 W Nevada Place,Lakewood,80226,3.0,2.0,1832,550000,1960,39.70922128,-105.06969433,0.0,Adams County 14 School District
18755 Robins Drive,Denver,80249,3.0,3.0,2563,550000,4402,39.797172,-104.76885927,0.0,Denver County 1 School District
5609 Yukon Street,Arvada,80002,3.0,2.0,1043,550000,1937,39.79968803,-105.08285911,0.0,Adams-Arapahoe 28J School District
8564 W Radcliffe Place,Littleton,80123,3.0,3.0,1916,550000,2447,39.63601329,-105.092773,0.0,Denver County 1 School District
8945 W 55th Avenue,Arvada,80002,2.0,2.0,1413,549900,1905,39.79777668,-105.09678816,0.0,Denver County 1 School District
954 S Queen Way,Lakewood,80226,3.0,2.0,1715,549900,1392,39.69987734,-105.12432376,0.0,Jefferson County R-1 School District
3280 S Lowell Boulevard,Denver,80236,5.0,2.0,1820,549900,1873,39.65938602,-105.03484976,0.0,Denver County 1 School District
3803 W Girard Avenue,Denver,80236,5.0,2.0,2230,549900,1920,39.6574842,-105.03664682,0.0,Adams-Arapahoe 28J School District
8600 W 52nd Avenue,Arvada,80002,4.0,3.0,2298,549900,2926,39.79083873,-105.09246961,0.0,Englewood 1 School District
4165 S Fox Street,Englewood,80110,3.0,2.0,1462,549000,1689,39.64097766,-104.99507138,0.0,Jefferson County R-1 School District
3659 Jason Street,Denver,80211,3.0,1.0,1187,548900,2255,39.76794668,-104.99982217,0.0,Denver County 1 School District
21894 E 9th Place,Aurora,80018,3.0,3.0,2112,548115,6725,39.73065507,-104.72844133,0.0,Denver County 1 School District
7770 W Woodard Circle,Lakewood,80227,3.0,3.0,2147,547000,2520,39.67557376,-105.08455372,0.0,Westminster 50 School District
4582 E Bails Place,Denver,80222,4.0,2.0,868,545000,2008,39.68264231,-104.93287394,0.0,Denver County 1 School District
1310 Magnolia Street,Denver,80220,2.0,1.0,984,545000,2066,39.73760014,-104.91135246,0.0,Jefferson County R-1 School District
1122 S Flower Circle,Lakewood,80232,3.0,3.0,1464,545000,2014,39.69537321,-105.09874227,82.0,Adams-Arapahoe 28J School District
7135 Newland Street,Arvada,80003,4.0,2.0,1794,545000,2316,39.82659254,-105.06949316,0.0,Jefferson County R-1 School District
1306 S Zephyr Court,Lakewood,80232,5.0,2.0,2038,545000,2117,39.69192967,-105.085036,0.0,Jefferson County R-1 School District
6162 Estes Street,Arvada,80004,4.0,2.0,1820,545000,3005,39.80892327,-105.095245,0.0,Jefferson County R-1 School District
2071 S Ensenada Way,Aurora,80013,4.0,4.0,1932,540000,2811,39.67842828,-104.761391,17.5,Cherry Creek 5 School District
4860 Eliot Street,Denver,80221,3.0,1.0,1111,539400,1459,39.78495582,-105.02373088,0.0,Jefferson County R-1 School District
2613 S Killarney Court,Aurora,80013,3.0,3.0,1802,539000,4489,39.66959611,-104.75096463,42.0,Westminster 50 School District
2000 S Stuart Street,Denver,80219,4.0,3.0,2154,539000,1905,39.68093819,-105.0430231,0.0,Jefferson County R-1 School District
3501 W 53rd Avenue,Denver,80221,4.0,2.0,2599,539000,4111,39.79314988,-105.03331657,0.0,Cherry Creek 5 School District
1000 S Tejon Street,Denver,80223,4.0,2.0,2078,538888,1902,39.6979986,-105.01247349,0.0,Jefferson County R-1 School District
21864 E 9th Place,Aurora,80018,3.0,3.0,2112,537485,6688,39.73022263,-104.73303059,0.0,Denver County 1 School District
6281 Genoa Street,Aurora,80019,4.0,3.0,1624,536000,4239,39.81095412,-104.7570553,0.0,Denver County 1 School District
743 S Quivas Street,Denver,80223,3.0,2.0,1323,535900,1733,39.70312579,-105.00772781,0.0,Cherry Creek 5 School District
10690 E 11th Avenue,Aurora,80010,7.0,4.0,2258,535000,2353,39.73263222,-104.86365227,0.0,Cherry Creek 5 School District
408 S Locust Street,Denver,80224,3.0,2.0,1816,535000,1861,39.70905526,-104.91385362,0.0,Jefferson County R-1 School District
1765 W Florida,Denver,80223,3.0,2.0,1113,535000,1350,39.68953118,-105.00821682,0.0,Jefferson County R-1 School District
2636 S Deframe Circle,Lakewood,80228,3.0,3.0,1352,535000,2454,39.67078459,-105.15282228,0.0,Denver County 1 School District
4675 E Iliff Avenue,Denver,80222,3.0,2.0,1380,535000,1960,39.67502712,-104.93339473,0.0,Jefferson County R-1 School District
332 Newark Street,Aurora,80010,3.0,3.0,1976,534900,2607,39.72053,-104.85577,0.0,Denver County 1 School District
3300 S Emerson Street,Englewood,80113,2.0,1.0,896,534500,2120,39.65663807,-104.97686368,0.0,Jefferson County R-1 School District
5775 S Kline Street Unit 126,Littleton,80127,2.0,2.0,1460,534000,2420,39.61334516,-105.11170637,137.0,Jefferson County R-1 School District
2703 S Stuart Street,Denver,80236,3.0,3.0,2396,530000,2040,39.66745195,-105.04312182,0.0,Jefferson County R-1 School District
20472 E 53rd Avenue,Denver,80249,2.0,3.0,2188,530000,3784,39.791726,-104.749929,90.0,Adams-Arapahoe 28J School District
2680 W 66th Place,Denver,80221,4.0,3.0,2000,530000,2516,39.81688067,-105.02038829,0.0,Jefferson County R-1 School District
9661 W Dumbarton Place,Denver,80123,3.0,3.0,2117,530000,1948,39.62694829,-105.106755,0.0,Denver County 1 School District
1169 Van Gordan,Lakewood,80401,4.0,2.0,1750,529900,1506,39.73410729,-105.13544236,0.0,Littleton 6 School District
725 Lansing Street,Aurora,80010,5.0,4.0,2368,529900,1613,39.72682649,-104.85990182,0.0,Denver County 1 School District
6540 Van Gordon Court,Arvada,80004,4.0,2.0,2000,529000,2690,39.8153054,-105.13571879,0.0,Jefferson County R-1 School District
5374 Braun Street,Arvada,80002,3.0,2.0,1615,529000,3281,39.79388325,-105.15031602,0.0,Jefferson County R-1 School District
7231 Eaton Circle,Arvada,80003,3.0,3.0,2305,529000,1460,39.82754231,-105.06051362,0.0,Jefferson County R-1 School District
5218 S Shawnee Way,Aurora,80015,4.0,3.0,1875,527900,3110,39.62186,-104.72758,51.0,Adams-Arapahoe 28J School District
2179 W Vassar Avenue,Englewood,80110,3.0,2.0,1900,526000,1397,39.67012933,-105.0128463,0.0,Jefferson County R-1 School District
2651 Lamar Street,Wheat Ridge,80214,3.0,1.0,1166,526000,2249,39.755792,-105.06802758,0.0,Jefferson County R-1 School District
4100 W 64th Avenue,Arvada,80003,5.0,2.0,1136,525000,4796,39.81264834,-105.04066,0.0,Jefferson County R-1 School District
565 Saulsbury Street,Lakewood,80226,3.0,2.0,1303,525000,1980,39.738028,-105.097049,0.0,Denver County 1 School District
3002 S Holly Place,Denver,80222,3.0,2.0,1323,525000,2782,39.66426324,-104.91847933,0.0,Westminster 50 School District
6610 Quay Street,Arvada,80003,4.0,2.0,1776,525000,2250,39.81753353,-105.07288158,0.0,Denver County 1 School District
5420 Perth Street,Denver,80249,4.0,3.0,2732,525000,3477,39.79511214,-104.73586404,0.0,Denver County 1 School District
4913 S Field Court,Denver,80123,3.0,2.0,1567,525000,1978,39.62691342,-105.10017682,0.0,Cherry Creek 5 School District
2062 S Oakland Street,Aurora,80014,4.0,4.0,3014,525000,2338,39.67780867,-104.85005313,0.0,Jefferson County R-1 School District
5817 S Lisbon Way,Centennial,80015,4.0,3.0,2350,525000,2590,39.61106142,-104.74565563,65.0,Adams-Arapahoe 28J School District
1873 S Owens Street,Lakewood,80232,3.0,2.0,1636,525000,2334,39.68284175,-105.12162959,0.0,Denver County 1 School District
2413 Harlan Street,Edgewater,80214,3.0,1.0,1290,525000,1548,39.75149695,-105.06297126,0.0,Westminster 50 School District
5503 Espana Street,Denver,80249,3.0,3.0,2802,525000,6319,39.79436463,-104.76034742,0.0,Cherry Creek 5 School District
2817 Gray Street,Wheat Ridge,80214,2.0,1.0,872,525000,2451,39.75708627,-105.061794,0.0,Jefferson County R-1 School District
880 Irving Street,Denver,80204,4.0,2.0,1681,525000,1699,39.73083742,-105.0295961,0.0,Jefferson County R-1 School District
7653 Newland Street,Arvada,80003,4.0,2.0,1848,525000,2209,39.83613718,-105.07093593,0.0,Denver County 1 School District
10827 W Dumbarton Drive,Littleton,80127,3.0,3.0,1856,525000,2151,39.62632884,-105.119885,326.0,Jefferson County R-1 School District
2910 Pontiac Street,Denver,80207,2.0,2.0,1000,525000,1550,39.75864626,-104.90536512,0.0,Jefferson County R-1 School District
1897 S Beech Street,Lakewood,80228,4.0,2.0,1676,525000,2579,39.68218603,-105.154004,0.0,Denver County 1 School District
17546 E Baker Place,Aurora,80013,4.0,4.0,2214,525000,2781,39.67071297,-104.78212542,75.0,Denver County 1 School District
194 S Reed Court,Lakewood,80226,4.0,3.0,1251,524999,2449,39.71319537,-105.07471633,0.0,Jefferson County R-1 School District
1163 S Shoshone Street,Denver,80223,3.0,3.0,1020,524900,1638,39.69563047,-105.01098181,0.0,Denver County 1 School District
5460 S Windermere Street,Littleton,80120,5.0,3.0,2153,524900,3192,39.61768918,-105.00647246,0.0,Jefferson County R-1 School District
3862 N Madison Street,Denver,80205,3.0,2.0,955,524000,1035,39.77030342,-104.94611109,0.0,Denver County 1 School District
11720 W 74th Avenue,Arvada,80005,3.0,2.0,1200,520000,1991,39.83012432,-105.1298015,0.0,Cherry Creek 5 School District
4355 Newland Street,Wheat Ridge,80033,3.0,1.0,1263,520000,2210,39.7756285,-105.07009783,0.0,Westminster 50 School District
3965 Ingalls Street,Wheat Ridge,80033,3.0,2.0,1497,520000,2201,39.77187262,-105.06462132,0.0,Denver County 1 School District
2548 S Genoa Court,Aurora,80013,3.0,3.0,2257,519900,2663,39.67148309,-104.75660833,16.666666666666668,Jefferson County R-1 School District
11380 W Exposition Avenue,Lakewood,80226,3.0,2.0,1238,519900,1228,39.7035708,-105.12549465,0.0,Cherry Creek 5 School District
7640 W 47th Avenue,Wheat Ridge,80033,3.0,1.0,1409,519900,1781,39.78135677,-105.08255709,0.0,Cherry Creek 5 School District
6125 W 78th Place,Arvada,80003,4.0,2.0,1560,519900,2218,39.83879398,-105.06363177,0.0,Denver County 1 School District
2424 N Clay Street,Denver,80211,2.0,1.0,815,519000,1909,39.75294132,-105.02016354,0.0,Jefferson County R-1 School District
4145 W 80th Place,Westminster,80031,3.0,2.0,1860,516000,1770,39.84270043,-105.04276575,0.0,Denver County 1 School District
3415 Arapahoe Street,Denver,80205,2.0,1.0,823,515000,1852,39.76506363,-104.97381836,0.0,Jefferson County R-1 School District
3045 S Fairfax Street,Denver,80222,3.0,2.0,1365,515000,1906,39.66301377,-104.9287971,0.0,Denver County 1 School District
18235 E Tanforan Place,Aurora,80015,4.0,2.0,1330,514900,1892,39.62984,-104.77581,13.416666666666666,Denver County 1 School District
9541 W Cornell Place,Lakewood,80227,4.0,3.0,1920,514900,2514,39.66166,-105.10396,0.0,Adams-Arapahoe 28J School District
848 N Quatar Street,Aurora,80018,3.0,3.0,1885,510155,6356,39.72992861,-104.73342086,0.0,Adams-Arapahoe 28J School District
740 Julian Street,Denver,80204,3.0,2.0,1216,510000,1819,39.72852318,-105.03099449,0.0,Denver County 1 School District
7574 Heather Place,Denver,80221,3.0,3.0,1866,510000,2120,39.83412,-105.0166,0.0,Jefferson County R-1 School District
11853 E Idaho Drive,Aurora,80012,4.0,3.0,2221,510000,2138,39.6904642,-104.85007003,0.0,Denver County 1 School District
870 Miller Street,Lakewood,80215,3.0,2.0,1252,509900,2091,39.73135157,-105.11356168,0.0,Adams-Arapahoe 28J School District
6925 W Colorado Drive,Lakewood,80232,4.0,2.0,2056,509000,1509,39.68516768,-105.07356542,0.0,Jefferson County R-1 School District
2826 S Glencoe Street,Denver,80222,3.0,1.0,1224,509000,2124,39.66598928,-104.926596,0.0,Denver County 1 School District
7181 Van Gordon Street,Arvada,80004,3.0,3.0,2009,505000,2780,39.82629626,-105.136336,0.0,Denver County 1 School District
7161 Van Gordon Street,Arvada,80004,4.0,2.0,1666,504900,2362,39.82606433,-105.1362743,0.0,Cherry Creek 5 School District
2660 S High Street,Denver,80210,2.0,1.0,1112,500000,1727,39.66830945,-104.96495347,0.0,Adams-Arapahoe 28J School District
3025 S Ingalls Way,Denver,80227,4.0,3.0,2048,500000,2095,39.65999081,-105.0642621,0.0,Cherry Creek 5 School District
6201 W 29th Avenue,Wheat Ridge,80214,2.0,1.0,952,500000,1862,39.75873189,-105.0652584,0.0,Cherry Creek 5 School District
5200 E 12th Avenue,Denver,80220,3.0,1.0,903,500000,2140,39.73454637,-104.92662067,0.0,Denver County 1 School District
1201 Union Street,Lakewood,80401,3.0,1.0,1121,500000,1734,39.73426019,-105.13328641,0.0,Adams 12 Five Star Schools
2701 W Yale Avenue,Denver,80219,3.0,2.0,1077,500000,1960,39.66717638,-105.02046042,0.0,Jefferson County R-1 School District
18899 E Kent Place,Aurora,80013,3.0,3.0,2271,500000,1961,39.64899828,-104.768036,0.0,Denver County 1 School District
2040 Valley View Drive,Denver,80221,9.0,2.0,972,500000,2692,39.84133687,-105.01165897,0.0,Jefferson County R-1 School District
1885 S Patton Court,Denver,80219,3.0,2.0,2219,500000,1881,39.68243128,-105.038518,0.0,Jefferson County R-1 School District
1861 S Teller Street,Lakewood,80232,3.0,2.0,1631,500000,1978,39.68374928,-105.077335,0.0,Denver County 1 School District
22281 E Navarro Place,Aurora,80018,3.0,3.0,1959,499900,2129,39.64288485,-104.7259278,50.0,Adams-Arapahoe 28J School District
22049 E Belleview Place,Aurora,80015,4.0,3.0,1875,499900,3164,39.62378441,-104.73104405,51.0,Denver County 1 School District
3841 N Harrison Street,Denver,80205,3.0,2.0,1336,499900,2023,39.7699135,-104.94193541,0.0,Adams-Arapahoe 28J School District
9834 W 53rd Place,Arvada,80002,3.0,2.0,1715,499900,2860,39.79234315,-105.10768527,0.0,Jefferson County R-1 School District
3220 W Nevada Place,Denver,80219,5.0,4.0,2266,499900,2020,39.7100826,-105.02942137,0.0,Denver County 1 School District
11396 W Kentucky Drive,Lakewood,80226,4.0,2.0,1771,499900,2084,39.69908515,-105.12580627,0.0,Adams-Arapahoe 28J School District
565 S Dale Court,Denver,80219,3.0,2.0,1602,499899,1338,39.70623197,-105.02186005,0.0,Jefferson County R-1 School District
3146 W Florida Avenue,Denver,80219,6.0,3.0,2714,499888,1747,39.68930413,-105.02705389,0.0,Denver County 1 School District
21874 E 9th Place,Aurora,80018,3.0,3.0,1577,499085,6200,39.73011463,-104.73304668,0.0,Denver County 1 School District
2517 S Genoa Street,Aurora,80013,5.0,3.0,1873,499000,2750,39.67273467,-104.75715471,17.5,Jefferson County R-1 School District
1332 Poplar Street,Denver,80220,2.0,1.0,1092,499000,2118,39.73806326,-104.90431101,0.0,Adams-Arapahoe 28J School District
10722 W Dumbarton Circle,Littleton,80127,2.0,2.0,1735,499000,2225,39.62664735,-105.11937936,374.0,Adams-Arapahoe 28J School District
1350 Lipan Street,Denver,80204,3.0,1.0,1361,499000,2016,39.73801512,-105.0017549,0.0,Englewood 1 School District
18022 E Kepner Drive,Aurora,80017,4.0,2.0,1620,498000,1446,39.70073502,-104.77712669,0.0,Westminster 50 School District
30 Chase Street,Lakewood,80026,4.0,2.0,1800,498000,2614,39.71781713,-105.05654501,0.0,Denver County 1 School District
3442 S Patton Way,Denver,80236,5.0,3.0,2267,497900,1271,39.65492157,-105.03972888,0.0,Denver County 1 School District
4027 W 44th Avenue,Denver,80212,3.0,1.0,796,497500,2080,39.77680757,-105.03995527,0.0,Jefferson County R-1 School District
19011 E Linvale Place,Aurora,80013,3.0,3.0,1783,496900,1796,39.66726773,-104.76665462,0.0,Adams-Arapahoe 28J School District
21904 E 9th Place,Aurora,80018,3.0,3.0,1577,496085,6170,39.72979798,-104.73301895,0.0,Denver County 1 School District
19177 E Grand Circle,Aurora,80015,3.0,3.0,1864,495000,1972,39.6260427,-104.76527279,17.666666666666668,Jefferson County R-1 School District
20858 E Progress Avenue,Centennial,80015,3.0,3.0,1910,495000,2763,39.62170595,-104.74605691,70.0,Adams-Arapahoe 28J School District
2460 S Osceola Street,Denver,80219,2.0,1.0,1041,495000,1772,39.67331912,-105.03748803,0.0,Westminster 50 School District
8103 Conifer Road,Denver,80221,4.0,3.0,2860,495000,2728,39.8437099,-104.99187753,0.0,Denver County 1 School District
7130 W Iowa Avenue,Lakewood,80232,5.0,3.0,2080,495000,2183,39.68907,-105.076043,0.0,Adams-Arapahoe 28J School District
5168 Tennyson Street,Denver,80212,2.0,1.0,1350,495000,2100,39.79052182,-105.04354326,0.0,Jefferson County R-1 School District
4388 Garland Street,Wheat Ridge,80033,3.0,2.0,1276,495000,1972,39.77754326,-105.10169345,0.0,Englewood 1 School District
1284 S Newland Court,Lakewood,80232,3.0,2.0,1096,495000,2046,39.69278128,-105.069963,0.0,Westminster 50 School District
6825 Martin Luther King Boulevard,Denver,80207,4.0,2.0,1934,494999,1152,39.76218901,-104.9085009,0.0,Jefferson County R-1 School District
828 N Quatar Street,Aurora,80018,3.0,3.0,1577,493085,6133,39.72970111,-104.7334155,0.0,Denver County 1 School District
9644 W Grand Avenue,Denver,80123,2.0,2.0,1695,492000,1942,39.62583929,-105.106106,0.0,Denver County 1 School District
21884 E 9th Place,Aurora,80018,3.0,3.0,1561,490750,6103,39.73000338,-104.73304668,0.0,Jefferson County R-1 School District
4920 Ingalls Street,Wheat Ridge,80033,4.0,2.0,1742,490000,1646,39.7857858,-105.06352154,0.0,Denver County 1 School District
3400 W Jewell Avenue,Denver,80219,2.0,1.0,1106,490000,1476,39.68200602,-105.03112327,0.0,Jefferson County R-1 School District
224 Tucson Street,Aurora,80011,5.0,3.0,2484,490000,2557,39.7195357,-104.83541946,0.0,Denver County 1 School District
5860 S Moore Street,Littleton,80127,3.0,2.0,1350,489900,2387,39.61181191,-105.11644807,0.0,Adams-Arapahoe 28J School District
2 Zenobia Street,Denver,80219,3.0,1.0,1642,489900,1687,39.71681663,-105.05156143,0.0,Denver County 1 School District
505 S Raleigh Street,Denver,80219,4.0,2.0,1826,489500,1683,39.70775576,-105.04225629,0.0,Denver County 1 School District
7020 W 39th Avenue,Wheat Ridge,80033,2.0,1.0,895,489000,1678,39.77058147,-105.07503973,0.0,Jefferson County R-1 School District
823 N Riviera Street,Aurora,80018,3.0,3.0,1561,488105,6070,39.72981989,-104.73208178,0.0,Adams-Arapahoe 28J School District
838 N Quatar Street,Aurora,80018,3.0,3.0,1561,487325,6061,39.72981236,-104.73344232,0.0,Adams-Arapahoe 28J School District
4165 S Lipan Street,Englewood,80110,3.0,1.0,1152,486000,1815,39.64099043,-105.0026664,0.0,Jefferson County R-1 School District
7101 Wolff Street,Westminster,80030,5.0,2.0,2205,485000,2426,39.82559316,-105.0482653,0.0,Westminster 50 School District
19389 E 41st Place,Denver,80249,3.0,2.0,1826,485000,1499,39.77441449,-104.7604495,0.0,Cherry Creek 5 School District
4665 Milwaukee Street,Denver,80216,4.0,2.0,1623,485000,1446,39.78151071,-104.95208581,0.0,Denver County 1 School District
3870 Newman Street,Wheat Ridge,80033,3.0,1.0,870,485000,1938,39.77056592,-105.11791755,0.0,Denver County 1 School District
13792 E 24th Avenue,Aurora,80011,6.0,2.0,2352,485000,1232,39.75166355,-104.8247869,0.0,Westminster 50 School District
1821 S Irving Street,Denver,80219,5.0,2.0,2074,485000,1600,39.68441234,-105.03006441,0.0,Denver County 1 School District
7584 Kendall Street,Arvada,80003,4.0,2.0,1583,484999,1600,39.83403247,-105.0662003,0.0,Denver County 1 School District
15640 E Hamilton Place,Aurora,80013,5.0,3.0,2419,484999,2239,39.65340928,-104.80602491,0.0,Adams-Arapahoe 28J School District
8077 Bryant Street,Westminster,80031,3.0,3.0,1504,480000,2590,39.84471122,-105.01950563,43.0,Westminster 50 School District
2561 W Cornell Avenue,Denver,80236,5.0,2.0,2027,480000,1695,39.66101553,-105.01758805,0.0,Denver County 1 School District
2831 S Truckee Street,Aurora,80013,4.0,4.0,2158,480000,2303,39.66359943,-104.7819264,0.0,Cherry Creek 5 School District
7653 Webster Way,Arvada,80003,4.0,2.0,1858,480000,1977,39.83638326,-105.08117,0.0,Denver County 1 School District
4245 S Clarkson Street,Englewood,80113,2.0,1.0,1202,479500,1509,39.63956147,-104.97877547,0.0,Adams-Arapahoe 28J School District
7520 Xavier Street,Westminster,80030,3.0,2.0,864,475000,1516,39.83329951,-105.04915039,0.0,Denver County 1 School District
1642 S Everett Street,Lakewood,80232,4.0,2.0,2378,475000,2268,39.68637932,-105.09663697,0.0,Adams-Arapahoe 28J School District
815 S Umatilla Way,Denver,80223,3.0,1.0,1526,475000,1756,39.70171957,-105.01244891,0.0,Cherry Creek 5 School District
2425 W Bates Avenue,Denver,80236,3.0,2.0,2022,475000,1692,39.66393828,-105.01631753,0.0,Adams-Arapahoe 28J School District
6718 W 79th Circle,Arvada,80003,3.0,2.0,2288,475000,2343,39.8407884,-105.07204544,0.0,Adams-Arapahoe 28J School District
5077 Duluth Court,Denver,80239,4.0,4.0,2482,475000,2205,39.78535128,-104.82006164,0.0,Jefferson County R-1 School District
3833 Quay Street,Wheat Ridge,80033,3.0,2.0,1764,475000,2491,39.76995599,-105.07356864,0.0,Adams-Arapahoe 28J School District
680 S Quivas Street,Denver,80223,3.0,1.0,1302,475000,1711,39.70413028,-105.007114,0.0,Denver County 1 School District
15934 E Linvale Avenue,Aurora,80013,3.0,2.0,1296,475000,2032,39.66683704,-104.80248737,0.0,Jefferson County R-1 School District
647 Winona Court,Denver,80204,5.0,2.0,2200,474970,1196,39.72754487,-105.04787097,0.0,Adams 12 Five Star Schools
2525 W Wesley Avenue,Denver,80219,2.0,2.0,1142,474500,2840,39.67367783,-105.01731882,0.0,Jefferson County R-1 School District
11705 W Tulane Drive,Morrison,80465,3.0,2.0,1473,470000,2438,39.63422912,-105.13000573,48.333333333333336,Denver County 1 School District
1290 Boston Street,Aurora,80010,5.0,2.0,1948,470000,1583,39.73628582,-104.87968719,0.0,Denver County 1 School District
15371 E 8th Avenue,Aurora,80011,5.0,3.0,2593,470000,2605,39.72992941,-104.80818559,0.0,Adams-Arapahoe 28J School District
300 S Pierce Street,Lakewood,80226,3.0,2.0,1323,470000,2040,39.71057993,-105.0717766,0.0,Adams-Arapahoe 28J School District
8121 Tennyson Street,Westminster,80031,4.0,2.0,2122,469900,2429,39.84436082,-105.04794554,0.0,Adams-Arapahoe 28J School District
18884 E Cornell Avenue,Aurora,80013,3.0,3.0,1648,469000,1250,39.6605786,-104.7688989,0.0,Jefferson County R-1 School District
215 S Knox Court,Denver,80219,3.0,1.0,1307,466000,1471,39.71295639,-105.03267525,0.0,Denver County 1 School District
16010 E 55th Avenue,Denver,80239,3.0,3.0,2040,465000,1895,39.79435001,-104.80006746,40.0,Westminster 50 School District
8069 Decatur Court,Westminster,80031,2.0,3.0,1890,464900,2546,39.84295,-105.02249,43.0,Denver County 1 School District
2644 S Newton Street,Denver,80219,3.0,1.0,1383,460000,2068,39.66915382,-105.0365277,0.0,Adams-Arapahoe 28J School District
3065 Holly Street,Denver,80207,2.0,2.0,1234,460000,1407,39.76144394,-104.92261136,0.0,Adams-Arapahoe 28J School District
16691 E Gunnison Place,Aurora,80017,3.0,2.0,1664,460000,2573,39.68591826,-104.79589792,0.0,Adams-Arapahoe 28J School District
7733 Navajo Street,Denver,80221,3.0,2.0,1808,460000,1951,39.83670505,-105.00452197,0.0,Westminster 50 School District
627 W Asbury Avenue,Denver,80223,2.0,1.0,616,459999,1067,39.68073396,-104.99555527,0.0,Denver County 1 School District
20638 E Kenyon Place,Aurora,80013,3.0,2.0,1514,459900,2375,39.64883921,-104.74767469,33.0,Denver County 1 School District
3902 Jason Street,Denver,80211,2.0,1.0,749,459900,1424,39.77062645,-104.99890587,0.0,Denver County 1 School District
1970 Espana Way,Aurora,80011,3.0,3.0,1566,459000,2944,39.74666949,-104.76016737,42.0,Adams 12 Five Star Schools
812 Raleigh Street,Denver,80204,3.0,1.0,836,456900,1573,39.72962188,-105.04129718,0.0,Jefferson County R-1 School District
3208 Scranton Street,Aurora,80011,5.0,2.0,1950,456000,2667,39.76171376,-104.83896846,0.0,Cherry Creek 5 School District
16512 E Princeton Place,Aurora,80013,4.0,2.0,1972,455000,1733,39.64022611,-104.7956025,0.0,Denver County 1 School District
12265 E 13th Avenue,Aurora,80011,3.0,2.0,1401,455000,2048,39.73631674,-104.84538546,0.0,Adams-Arapahoe 28J School District
1654 S Olathe Street,Aurora,80017,3.0,2.0,2192,455000,2268,39.68632928,-104.792927,0.0,Jefferson County R-1 School District
2405 Lee Street,Lakewood,80215,3.0,1.0,1060,454900,2382,39.75078187,-105.11221908,0.0,Cherry Creek 5 School District
19270 E 22nd Drive,Aurora,80011,4.0,2.0,1670,450000,2738,39.74801075,-104.76367248,0.0,Denver County 1 School District
2627 S Lowell Boulevard,Denver,80219,4.0,2.0,1210,450000,1669,39.6696813,-105.03524613,0.0,Adams-Arapahoe 28J School District
61 S Ames Street,Lakewood,80226,3.0,2.0,1040,450000,2188,39.71578901,-105.05478164,0.0,Denver County 1 School District
361 El Paso Court,Denver,80221,4.0,3.0,2850,450000,2341,39.84051471,-104.99166873,0.0,Denver County 1 School District
830 S Harlan Street,Lakewood,80226,3.0,3.0,1598,450000,2484,39.70140789,-105.06224881,0.0,Adams-Arapahoe 28J School District
4206 W Vassar Avenue,Denver,80219,3.0,2.0,1115,450000,1754,39.66990575,-105.04198,0.0,Denver County 1 School District
1465 S King Court,Denver,80219,4.0,2.0,1804,450000,1544,39.69002399,-105.03398863,0.0,Denver County 1 School District
440 S Victor Way,Aurora,80012,4.0,2.0,1487,449900,1449,39.70292229,-104.83526668,0.0,Adams-Arapahoe 28J School District
1816 S Nucla Street,Aurora,80017,4.0,2.0,1852,449900,2358,39.68377407,-104.79411171,0.0,Adams-Arapahoe 28J School District
2469 S Kittredge Way,Aurora,80013,4.0,2.0,1690,449900,2317,39.67198703,-104.80311854,0.0,Adams-Arapahoe 28J School District
19060 E 22nd Place,Aurora,80011,3.0,4.0,1947,449500,2738,39.75028269,-104.76581018,0.0,Denver County 1 School District
5190 Tabor Street,Wheat Ridge,80033,3.0,2.0,1418,449000,2371,39.79079502,-105.13036681,0.0,Westminster 50 School District
4175 W Custer Place,Denver,80219,4.0,2.0,1628,449000,1466,39.70702612,-105.04290062,0.0,Adams-Arapahoe 28J School District
1284 Ember Street,Denver,80221,4.0,2.0,1850,445000,1767,39.83816524,-105.00110973,0.0,Denver County 1 School District
1065 S Osceola Street,Denver,80219,3.0,2.0,1281,445000,1574,39.69731954,-105.03802744,0.0,Westminster 50 School District
3081 S Laredo Circle,Aurora,80013,2.0,2.0,1552,445000,2385,39.66035728,-104.80026,0.0,Englewood 1 School District
1503 S Tucson Street,Aurora,80012,3.0,2.0,1456,444900,2304,39.68789858,-104.84000336,0.0,Adams 12 Five Star Schools
1255 S Biscay Street,Aurora,80017,3.0,2.0,1284,444900,2306,39.69369,-104.768,0.0,Cherry Creek 5 School District
7861 Valley View Drive,Denver,80221,3.0,3.0,2461,444000,2116,39.83951351,-105.02192862,0.0,Adams-Arapahoe 28J School District
450 S Decatur Street,Denver,80219,2.0,1.0,2002,444000,1691,39.70833849,-105.02243843,0.0,Denver County 1 School District
2590 S Irving Street,Denver,80219,4.0,1.0,1115,441875,1586,39.67132138,-105.02951246,0.0,Englewood 1 School District
4619 Pennsylvania Street,Denver,80216,4.0,1.0,660,440000,1410,39.78053226,-104.98140569,0.0,Adams-Arapahoe 28J School District
931 Downing Way,Denver,80229,3.0,3.0,2117,440000,1882,39.84162114,-104.97610285,0.0,Denver County 1 School District
4830 Estes Street,Arvada,80002,2.0,1.0,858,440000,1806,39.78470363,-105.09495153,0.0,Adams-Arapahoe 28J School District
4076 S Richfield Street,Aurora,80013,3.0,3.0,1550,440000,1459,39.64252021,-104.78740422,0.0,Adams-Arapahoe 28J School District
26 S King Street,Denver,80219,3.0,2.0,1067,440000,1521,39.71595567,-105.03340076,0.0,Jefferson County R-1 School District
12154 E Virginia Drive,Aurora,80012,5.0,2.0,2088,440000,2336,39.70643886,-104.84582925,0.0,Denver County 1 School District
6835 Reno Drive,Arvada,80002,2.0,1.0,976,439000,1003,39.79781784,-105.07221327,0.0,Adams-Arapahoe 28J School District
903 S Oakland Court,Aurora,80012,4.0,2.0,1086,435900,1710,39.70089387,-104.85059253,0.0,Westminster 50 School District
5001 Titan Way,Denver,80239,3.0,2.0,1762,435000,1594,39.787599,-104.8390548,0.0,Denver County 1 School District
1424 S Biscay Way,Aurora,80017,4.0,2.0,1616,435000,2153,39.69014774,-104.76809607,0.0,Adams-Arapahoe 28J School District
1338 W Alaska Place,Denver,80223,4.0,1.0,1339,434900,1719,39.70823994,-105.00594888,0.0,Denver County 1 School District
5181 Decatur Street,Denver,80221,2.0,1.0,791,430000,1517,39.79077163,-105.02190229,0.0,Denver County 1 School District
3179 Xanadu Street,Aurora,80011,3.0,2.0,1580,429900,1841,39.7602537,-104.82929413,0.0,Jefferson County R-1 School District
3081 S Glencoe Street,Denver,80222,3.0,1.0,858,429000,1632,39.66213156,-104.92514451,0.0,Denver County 1 School District
1224 Valentia Street,Denver,80220,3.0,1.0,1500,428000,1560,39.73617988,-104.89130041,0.0,Jefferson County R-1 School District
3073 Ursula Street,Aurora,80011,3.0,2.0,1764,425900,2772,39.75932,-104.83528,0.0,Sheridan 2 School District
1045 Sable Boulevard,Aurora,80011,3.0,3.0,1684,425000,2637,39.73107,-104.81968,0.0,Denver County 1 School District
1045 Sable Boulevard,Aurora,80011,3.0,3.0,1692,425000,2637,39.73106097,-104.81966808,0.0,Westminster 50 School District
5538 Tulsa Way,Denver,80239,4.0,2.0,1726,425000,1618,39.79451205,-104.83642688,0.0,Englewood 1 School District
2121 W 80th Avenue,Denver,80221,3.0,3.0,1944,425000,1833,39.84192939,-105.01268365,0.0,Denver County 1 School District
1691 S Cathay Street,Aurora,80017,4.0,2.0,1464,425000,2259,39.68626079,-104.76626645,0.0,Adams-Arapahoe 28J School District
1140 S Tennyson Street,Denver,80219,2.0,1.0,770,425000,1457,39.69590453,-105.04345819,0.0,Adams-Arapahoe 28J School District
2573 W 74 Avenue,Westminster,80030,4.0,2.0,2214,425000,2595,39.83099926,-105.01730164,0.0,Adams 12 Five Star Schools
4349 S Clarkson Street,Englewood,80113,2.0,1.0,788,425000,1586,39.6360154,-104.97887566,0.0,Denver County 1 School District
6710 Monaco Street,Commerce City,80022,2.0,1.0,1260,425000,1323,39.81837116,-104.91251294,0.0,Adams-Arapahoe 28J School District
11501 E Cornell Circle,Aurora,80014,4.0,4.0,2263,425000,1528,39.66226654,-104.85414171,247.0,Denver County 1 School District
1931 Fulton Street,Aurora,80010,3.0,1.0,970,425000,2383,39.74636453,-104.87086815,0.0,Adams-Arapahoe 28J School District
398 S Raleigh Street,Denver,80219,4.0,2.0,2148,425000,1563,39.70959264,-105.04186566,0.0,Denver County 1 School District
3135 S Logan Street,Englewood,80113,2.0,1.0,735,424444,1801,39.65979968,-104.98270656,0.0,Denver County 1 School District
11111 E Montview Boulevard,Aurora,80010,3.0,1.0,1040,423000,2536,39.74782846,-104.85786163,0.0,Denver County 1 School District
1235 Wabash Street,Denver,80220,2.0,1.0,726,420000,1556,39.73620971,-104.88967922,0.0,Westminster 50 School District
1541 S Biscay Court,Aurora,80017,4.0,2.0,1633,420000,2117,39.68776235,-104.76942837,0.0,Adams-Arapahoe 28J School District
1360 Dallas Street,Aurora,80010,3.0,1.0,1208,420000,1954,39.73757405,-104.8761286,0.0,Westminster 50 School District
4746 Carr Street,Wheat Ridge,80033,3.0,1.0,955,420000,1935,39.78246852,-105.09111737,0.0,Adams 12 Five Star Schools
5403 Tucson Street,Denver,80239,3.0,3.0,2430,416000,1038,39.79267627,-104.840239,0.0,Denver County 1 School District
10530 E 10th Avenue,Aurora,80010,3.0,1.0,1680,415000,2332,39.73080155,-104.86492677,0.0,Denver County 1 School District
780 Cuchara Street,Denver,80221,4.0,2.0,1950,415000,1488,39.83154712,-104.99660679,0.0,Adams-Arapahoe 28J School District
4842 Steele Street,Denver,80216,3.0,2.0,1320,415000,1272,39.78451528,-104.94940189,0.0,Adams-Arapahoe 28J School District
1417 S Biscay Way,Aurora,80017,4.0,2.0,1200,413920,1756,39.69097654,-104.7674509,0.0,Denver County 1 School District
5551 Worchester Street,Denver,80239,4.0,2.0,1596,410000,1534,39.79827044,-104.8309865,0.0,Adams-Arapahoe 28J School District
3894 Orleans Court,Denver,80249,2.0,3.0,1143,410000,1992,39.77029545,-104.73723284,0.0,Adams-Arapahoe 28J School District
5733 W 76th Drive,Arvada,80003,2.0,1.0,817,409900,1408,39.83622582,-105.05876454,0.0,Jefferson County R-1 School District
3215 W Exposition Avenue,Denver,80219,3.0,1.0,1060,409000,1158,39.7041863,-105.02870924,0.0,Denver County 1 School District
5643 W 76th Drive,Arvada,80003,2.0,2.0,975,404000,1633,39.83616026,-105.057735,0.0,Cherry Creek 5 School District
3391 S Irving Street,Englewood,80110,2.0,1.0,910,400000,1648,39.65606638,-105.03007439,0.0,Sheridan 2 School District
4380 Jericho Street,Denver,80249,3.0,1.0,1138,400000,1966,39.77705048,-104.74876556,0.0,Jefferson County R-1 School District
5238 Stuart Street,Denver,80212,2.0,1.0,792,400000,2419,39.79212461,-105.04249836,0.0,Jefferson County R-1 School District
3921 S Pearl Street,Englewood,80113,3.0,1.0,1433,400000,1669,39.64539376,-104.98103912,0.0,Adams-Arapahoe 28J School District
670 S Hazel Court,Denver,80219,3.0,1.0,1061,399990,1342,39.70455851,-105.0273658,0.0,Denver County 1 School District
19623 E Batavia Drive,Aurora,80011,4.0,2.0,1644,399900,2556,39.74238724,-104.75797501,0.0,Adams-Arapahoe 28J School District
1380 Dallas Street,Aurora,80010,2.0,1.0,796,399900,1883,39.73787649,-104.87617261,0.0,Adams 12 Five Star Schools
6945 Olive Street,Commerce City,80022,3.0,1.0,1026,399900,1628,39.82263687,-104.90828098,0.0,Denver County 1 School District
20763 E 44th Avenue,Denver,80249,2.0,1.0,801,399000,1841,39.77800622,-104.7489264,0.0,Mapleton 1 School District
917 Fulton Street,Aurora,80010,4.0,2.0,1464,398000,1144,39.73006648,-104.87035133,0.0,Adams-Arapahoe 28J School District
431 W 8th Avenue,Denver,80204,1.0,1.0,781,395000,1572,39.72914779,-104.99368564,0.0,Denver County 1 School District
1773 Lansing Street,Aurora,80010,2.0,1.0,720,395000,2370,39.74528704,-104.8573156,0.0,Denver County 1 School District
1175 S Winona Court,Denver,80219,3.0,2.0,1130,395000,1711,39.69580444,-105.04744039,0.0,Adams 12 Five Star Schools
2820 W Park Place,Denver,80219,2.0,1.0,662,395000,1283,39.71915651,-105.02332183,0.0,Englewood 1 School District
4968 Julian Street,Denver,80221,2.0,1.0,670,394000,1722,39.78685506,-105.0307709,0.0,Sheridan 2 School District
7793 Navajo Street,Denver,80221,3.0,2.0,1017,392000,1689,39.83796,-105.00447,0.0,Adams-Arapahoe 28J School District
15622 E Colorado Avenue,Aurora,80017,3.0,2.0,904,390000,1856,39.68431014,-104.80624541,0.0,Adams-Arapahoe 28J School District
701 Drake Street,Denver,80221,3.0,1.0,960,390000,2012,39.83500348,-104.99560365,0.0,Denver County 1 School District
7096 E 74th Place,Commerce City,80022,3.0,2.0,1176,389950,1390,39.83202594,-104.90535082,0.0,Adams-Arapahoe 28J School District
440 Lowell Boulevard,Denver,80204,2.0,1.0,1028,389000,1612,39.72366,-105.03476,0.0,Jefferson County R-1 School District
440 Lowell Boulevard,Denver,80204,2.0,1.0,1028,389000,1612,39.72366077,-105.03488802,0.0,Adams-Arapahoe 28J School District
1780 Moline Street,Aurora,80010,3.0,1.0,918,385000,2381,39.74533697,-104.8536779,0.0,Westminster 50 School District
1640 Yosemite Street,Denver,80220,3.0,2.0,1676,385000,2404,39.74276821,-104.88431858,0.0,Denver County 1 School District
4341 W Center Avenue Unit C,Denver,80219,4.0,2.0,1919,385000,1489,39.70608561,-105.04489576,0.0,Adams 12 Five Star Schools
15734 E Colorado Avenue,Aurora,80017,3.0,1.0,904,385000,1059,39.68447028,-104.805011,0.0,Adams-Arapahoe 28J School District
1538 Alton Street,Aurora,80010,3.0,2.0,1268,384995,2383,39.74103102,-104.88186417,0.0,Adams-Arapahoe 28J School District
1416 Chase Street,Lakewood,80214,2.0,1.0,790,384000,1469,39.73893927,-105.05626306,0.0,Denver County 1 School District
5552 Xanadu Street,Denver,80239,3.0,1.0,1064,381000,1383,39.79601027,-104.829601,0.0,Adams-Arapahoe 28J School District
4652 S Pagosa Circle,Aurora,80015,2.0,1.0,732,379900,1383,39.6322717,-104.78806729,0.0,Denver County 1 School District
3484 S Canosa Court,Englewood,80110,3.0,1.0,560,379000,1217,39.65394309,-105.01904892,0.0,
11000 W 41st Place,Wheat Ridge,80033,4.0,2.0,2043,375000,2281,39.77306505,-105.12164371,0.0,
1355 Benton Street,Lakewood,80214,2.0,1.0,704,375000,1357,39.7377421,-105.05579317,0.0,
861 Troy Street,Aurora,80011,3.0,2.0,1643,375000,1330,39.7293997,-104.83775899,0.0,
1980 Spruce Street,Denver,80220,2.0,2.0,857,375000,1794,39.74708743,-104.89733736,0.0,
1012 S Zeno Way,Aurora,80017,3.0,2.0,1699,370000,1926,39.70027624,-104.7725129,249.0,
6740 Birch Street,Commerce City,80022,2.0,1.0,786,369900,1387,39.81877595,-104.9364566,0.0,
1632 Xanthia Street,Denver,80220,2.0,1.0,820,369000,1812,39.74263722,-104.88717998,0.0,
220 Del Norte Street,Denver,80221,3.0,1.0,984,368800,1752,39.83428898,-104.98986836,0.0,
1665 Lima Street,Aurora,80010,3.0,1.0,1488,361000,2621,39.74319942,-104.85675351,0.0,
1598 W Alameda Avenue,Denver,80223,2.0,1.0,793,350000,1571,39.71102567,-105.01081881,0.0,
1594 W Alameda Avenue,Denver,80223,2.0,1.0,721,350000,1466,39.71107519,-105.01068781,0.0,
6750 E 75th Place,Commerce City,80022,3.0,1.0,768,349999,1750,39.83394355,-104.91017518,0.0,
3880 S Bannock Street,Englewood,80110,1.0,1.0,440,349500,1302,39.64636877,-104.98971083,0.0,
3605 S Hooker Street,Englewood,80110,3.0,1.0,816,349000,2189,39.65076325,-105.02916091,0.0,
783 Galena Street,Aurora,80010,3.0,1.0,1294,340000,1323,39.7278111,-104.86980146,0.0,
1700 Clinton Street,Aurora,80010,3.0,1.0,960,340000,2364,39.74393035,-104.87729755,0.0,
1520 Tamarac Street,Denver,80220,2.0,1.0,953,340000,1380,39.74062962,-104.89483981,0.0,
745 Lima Street,Aurora,80010,2.0,1.0,736,339700,1660,39.72718585,-104.85895081,0.0,
1450 Fenton Street,Lakewood,80214,2.0,1.0,570,329000,1409,39.73931696,-105.05990579,0.0,
1241 Elmira Street,Aurora,80010,2.0,1.0,793,325000,1824,39.73556687,-104.87325255,0.0,
6780 Irving Street,Denver,80221,3.0,2.0,1476,325000,2880,39.81978232,-105.0296096,0.0,
4431 Cherokee Street,Denver,80216,1.0,1.0,522,315000,1450,39.77681994,-104.99098002,0.0,
7121 Jasmine Street,Commerce City,80022,2.0,1.0,768,315000,1383,39.8261346,-104.91885086,0.0,
1411 Elmira Street,Aurora,80010,2.0,1.0,771,299900,1664,39.7385843,-104.87338136,0.0,
10355 E 23rd Avenue,Aurora,80010,3.0,1.0,768,280000,2509,39.7512231,-104.86726424,0.0,
3464 W Alaska Place,Denver,80219,1.0,1.0,598,270000,606,39.70826566,-105.03295641,0.0,
2301 Galena Street,Aurora,80010,2.0,1.0,816,267000,2606,39.75122444,-104.86960348,0.0,
3173 W Ohio Avenue,Denver,80219,1.0,1.0,794,229000,1285,39.70243913,-105.02809354,0.0,
